id,domain,status,purchase_price,renewal_price,attractiveness,demand,length,registrar,created_at,expires_at,status_verified_at
1bad7d1a-ad9f-4c69-af5a-0a389d7ba8bc,ups.cat,available,18.83,25.04,high,medium,3,spaceship,,,29/09/2026 08:49
2b9b8850-0381-4e1a-8cb7-c9387fc1c970,preference.cat,available,18.83,25.04,high,low,10,spaceship,,,29/09/2026 16:57
c7494caf-4ba4-4ff0-b94d-577d85aa9579,belly.cat,available,26.98,38.98,high,low,5,namecheap,,,16/09/2026 14:48
1512d1ef-6c1b-44da-b07a-c5c33faf2a83,astana.cat,available,26.98,38.98,high,low,6,namecheap,,,18/09/2026 00:11
cf1bd053-9ea9-49f9-8dcc-2e1969731839,arresting.cat,available,26.98,38.98,high,low,9,namecheap,,,06/08/2026 21:47
7b800b96-d68d-45ae-87c2-6afd032382b8,commix.cat,available,26.98,38.98,medium,low,6,namecheap,,,
94be31f5-8604-46b9-880f-9d5b9df4dc3b,chances.cat,available,26.98,38.98,medium,low,7,namecheap,,,25/09/2026 16:56
677bbf6d-d9e4-45b3-91b3-ccbedbf2a5de,diskette.cat,available,26.98,38.98,high,low,8,namecheap,,,18/08/2026 08:53
c66035fc-0fe9-4e15-baad-bebbe986c28a,convent.cat,available,18.83,25.04,high,low,7,spaceship,,,29/09/2026 11:58
3c127c14-44f0-40a4-81c8-ad3e13b32364,infantile.cat,available,26.98,38.98,medium,low,9,namecheap,,,12/08/2026 05:04
be9efdc7-9643-449f-93d2-fbd55e15cc92,blusher.cat,available,26.98,38.98,medium,low,7,namecheap,,,18/09/2026 15:49
420f00a7-93c3-46ba-964c-a50c3a810c87,unbuttoned.cat,available,26.98,38.98,medium,low,10,namecheap,,,12/09/2026 04:42
56b20427-ee80-4f96-98b6-0254183fdbee,tamely.cat,available,26.98,38.98,medium,low,6,namecheap,,,16/09/2026 07:53
ecccad7f-5bd5-41e7-9869-6c1a1be80ee9,vapid.cat,available,26.98,38.98,medium,low,5,namecheap,,,10/08/2026 13:04
d3d709df-3157-4ec7-b7b0-1f7393a135e0,constantly.cat,available,18.83,25.04,medium,low,10,spaceship,,,28/09/2026 14:18
ab6d9b02-bfc2-4322-8a33-fbf6f86e4cae,filipino.cat,available,26.98,38.98,high,low,8,namecheap,,,18/08/2026 04:19
003cc9dc-d388-4f53-a969-fe4ab16e0816,lizzie.cat,available,18.48,24.56,high,low,6,dynadot,,,28/09/2026 11:45
8c8108d3-12c9-407b-aeae-1a5508784c11,unvalued.cat,available,26.98,38.98,low,low,8,namecheap,,,12/09/2026 22:02
57aee9fe-ddcc-4652-8fde-55781bd67176,indian.cat,available,26.98,38.98,high,low,6,namecheap,,,22/09/2026 04:13
d1b70834-8afd-45e6-a332-5482443c42c7,elongated.cat,available,26.98,38.98,medium,low,9,namecheap,,,16/08/2026 05:26
b09bdf55-81e5-40e7-a695-20ddea8a267d,kinsey.cat,available,26.98,38.98,high,low,6,namecheap,,,18/09/2026 06:26
c31e6c73-2720-4c41-8b74-3b4d7a47b05a,robbie.cat,available,18.5,24.59,high,low,6,dynadot,,,27/09/2026 19:05
2994f541-295c-4db8-8eaf-add2ba79c7de,anderson.cat,available,26.98,38.98,high,medium,8,namecheap,,,19/09/2026 04:34
ef7bea11-8803-4e24-937a-aeda09ed31c5,legitimize.cat,available,26.98,38.98,high,low,10,namecheap,,,04/09/2026 05:07
af9e9de2-8989-4073-949b-27977280641e,seaborgium.cat,available,26.98,38.98,medium,low,10,namecheap,,,20/09/2026 22:06
c12e5fc0-0342-4b87-97d4-9cb75b7061f7,solved.cat,available,26.98,38.98,high,low,6,namecheap,,,10/09/2026 13:46
2f182d3d-6c1c-4007-9172-2bf17ba914f8,pasadena.cat,available,18.83,25.04,high,low,8,spaceship,,,29/09/2026 19:55
fd72b583-1a00-41b5-beed-18e70ecd922b,jewels.cat,available,26.98,38.98,high,low,6,namecheap,,,18/09/2026 06:31
926e45d1-f1c0-4b48-8e61-fc2ae6ee096b,increasingly.cat,available,18.47,24.55,medium,low,12,dynadot,,,29/09/2026 04:46
c32216c4-3652-434d-a5ff-0709d641eef5,icelandic.cat,available,26.98,38.98,high,low,9,namecheap,,,21/08/2026 17:45
818bed65-4235-4a45-b3e4-ee24625ac735,jesuit.cat,available,26.98,38.98,high,low,6,namecheap,,,22/08/2026 13:03
7c6e2d1a-d8b1-4c4e-82bb-a46bf79b8f6b,screams.cat,available,18.83,25.04,medium,low,7,spaceship,,,28/09/2026 00:29
36ac97da-79ad-4757-8b2b-9d49eee937a6,faithfully.cat,available,26.98,38.98,high,low,10,namecheap,,,14/09/2026 11:42
a477af40-5835-41af-9e21-87463b99ce20,enrico.cat,available,26.98,38.98,medium,low,6,namecheap,,,28/09/2026 13:31
1ae1fd63-6053-44cb-bbdf-f72cb30f0827,pappa.cat,available,26.98,38.98,medium,low,5,namecheap,,,08/09/2026 23:42
7b207bac-b187-4d6e-876b-4c1cb6b4824e,repeating.cat,available,18.83,25.04,high,low,9,spaceship,,,28/09/2026 06:41
11c9ef57-14da-45c9-9403-75b16e05b147,experiments.cat,available,18.83,25.04,medium,low,11,spaceship,,,28/09/2026 04:57
4be22e77-02fd-4084-a58e-e1c8278d5374,looney.cat,available,26.98,38.98,medium,low,6,namecheap,,,13/08/2026 05:34
e2c0d00a-8dfa-4cda-bdc3-b7db0b5482ae,indolent.cat,available,26.98,38.98,medium,low,8,namecheap,,,17/08/2026 20:53
5633b9f9-540e-41d8-a784-143f8e8109f5,maunder.cat,available,26.98,38.98,medium,low,7,namecheap,,,23/09/2026 23:31
b03292c6-0b8a-4c04-afd2-9fcdd1e9b8c0,defection.cat,available,26.98,38.98,medium,low,9,namecheap,,,19/09/2026 19:16
055de04f-3b72-4cd0-a075-5e7d77062846,blood.cat,available,26.98,38.98,high,low,5,namecheap,,,27/09/2026 03:17
93db4ff6-98de-4f9d-b422-4a1abb3a7efc,lightwood.cat,available,26.98,38.98,medium,low,9,namecheap,,,16/09/2026 20:15
f0710c49-4115-408a-9423-a43e7372ee37,peoria.cat,available,39.99,39.99,high,low,6,name.com,,,27/09/2026 04:58
e1532f55-0924-45ec-9ee2-2d5be96a6eff,winsome.cat,available,26.98,38.98,high,low,7,namecheap,,,13/09/2026 12:37
d59e1d4b-9f75-475d-abc2-718063583513,mesmerised.cat,available,26.98,38.98,medium,low,10,namecheap,,,17/08/2026 22:52
29338f30-5a6f-474b-938f-ff76d9912bfd,calf.cat,available,18.47,24.55,high,low,4,dynadot,,,29/09/2026 05:52
d1b62d1b-5e99-4098-b9c4-b05564de80ae,flapjack.cat,available,26.98,38.98,high,low,8,namecheap,,,22/09/2026 14:32
e1b6a9af-dd7e-4c0c-91c6-40e926707252,astrakhan.cat,available,26.98,38.98,medium,low,9,namecheap,,,20/09/2026 17:31
61a93b2e-b6ec-4001-898a-1bec0e69a977,emulator.cat,available,26.98,38.98,medium,low,8,namecheap,,,19/09/2026 16:28
69a8ca17-0e77-4c8a-8ec1-a2c9a6874865,steer.cat,available,18.83,25.04,high,low,5,spaceship,,,29/09/2026 10:54
e54825a2-a3d0-4c94-8f9b-1de24d627ff4,centrical.cat,available,26.98,38.98,medium,low,9,namecheap,,,12/08/2026 00:12
88779d02-fbc5-4680-8272-ec9176c36288,benni.cat,available,26.98,38.98,high,low,5,namecheap,,,23/09/2026 08:28
6ab3e27f-51a2-43cc-a6ec-8877f10442b3,intriguing.cat,available,26.98,38.98,high,low,10,namecheap,,,25/09/2026 10:52
44fa2d4f-913b-425a-adbc-50988e10ae5a,existing.cat,available,26.98,38.98,high,low,8,namecheap,,,24/09/2026 15:59
86701f73-177e-4637-977d-115dacfbb5f1,atrazine.cat,available,26.98,38.98,medium,low,8,namecheap,,,21/09/2026 00:37
64b0f58d-6a32-4437-a36b-bfadd8d04719,governing.cat,available,26.98,38.98,high,low,9,namecheap,,,20/08/2026 17:20
39b9ba25-3601-4158-808e-0eeb3def98ff,shoed.cat,available,26.98,38.98,high,medium,5,namecheap,,,10/09/2026 06:43
2b6b9be2-bd20-42e4-8246-cc3faa9b33d9,educate.cat,available,18.47,24.55,high,low,7,dynadot,,,29/09/2026 14:27
e51ff601-b3dd-4a42-83d4-f6db4a0a5cbb,advisor.cat,available,18.83,25.04,high,low,7,spaceship,,,29/09/2026 08:01
b0b0cb26-4cd7-4d10-a2f8-0bd40240d67d,indulge.cat,available,26.98,38.98,high,low,7,namecheap,,,21/09/2026 13:04
23094bd7-464f-4973-bfb0-c7a5f3b217b1,incipient.cat,available,26.98,38.98,medium,low,9,namecheap,,,22/08/2026 01:14
85f7f274-6e2b-4781-a178-9adc4c55cb80,airpost.cat,available,26.98,38.98,medium,low,7,namecheap,,,17/09/2026 23:19
d6d53f14-b5d5-4fde-817b-27bd915cf41f,budget.cat,available,18.83,25.04,high,low,6,spaceship,,,29/09/2026 05:05
de1fc8a8-d39b-4510-98f0-a7e789854bbe,barde.cat,available,26.98,38.98,high,low,5,namecheap,,,22/09/2026 05:12
b7bdc4d7-3d11-45e6-b799-fddb9639c5a8,banging.cat,available,26.98,38.98,high,low,7,namecheap,,,08/08/2026 13:03
32875117-93e8-4144-b7a3-fd497a0d02a9,aphakia.cat,available,26.98,38.98,medium,low,7,namecheap,,,19/09/2026 16:51
d0a11b23-f775-417e-a6f7-cd870fb1b2af,bemock.cat,available,26.98,38.98,medium,low,6,namecheap,,,25/08/2026 02:26
4b736fdf-e0ea-4483-8451-9168270aa0de,captured.cat,available,26.98,38.98,medium,low,8,namecheap,,,27/09/2026 02:07
aa686756-8edc-41d1-ad00-dabe1838097f,suspended.cat,available,26.98,38.98,medium,low,9,namecheap,,,11/09/2026 04:55
7e2b8b7f-f5fe-4883-baa1-a0765eafa83f,stupidity.cat,available,26.98,38.98,medium,low,9,namecheap,,,23/09/2026 11:18
8e5039f4-4b37-434a-8708-ab8de9b5c256,neoliberal.cat,available,26.98,38.98,high,low,10,namecheap,,,03/09/2026 15:23
9b4d56ce-f1b8-4bf7-9709-ac2147283371,evansville.cat,available,18.83,25.04,medium,low,10,spaceship,,,28/09/2026 01:52
104d339e-a76f-49a3-ba8e-07483eeed836,verdant.cat,available,26.98,38.98,high,low,7,namecheap,,,13/09/2026 02:22
b44c2818-d712-4779-8828-9611ab502b53,negligible.cat,available,26.98,38.98,medium,low,10,namecheap,,,03/09/2026 15:08
edd75802-a376-49aa-8821-7378cf044236,shadowy.cat,available,26.98,38.98,medium,low,7,namecheap,,,10/09/2026 05:28
9ff59865-cb13-4dfd-bbd2-893805fc7521,colorless.cat,available,26.98,38.98,medium,low,9,namecheap,,,12/08/2026 17:53
0fb093b6-5744-419a-8836-27c33fd19a18,shortage.cat,available,18.83,25.04,medium,low,8,spaceship,,,28/09/2026 18:53
59f54a7f-70c3-4277-8175-e3bf1078fa78,redress.cat,available,26.98,38.98,high,low,7,namecheap,,,09/09/2026 17:27
f4801ee3-dd1f-411a-9d5a-a65827a521f5,collectors.cat,available,18.83,25.04,high,low,10,spaceship,,,29/09/2026 17:58
dc399100-d734-43dd-9b60-b768df924912,whitener.cat,available,26.98,38.98,medium,low,8,namecheap,,,24/09/2026 03:50
b97f4f91-1f6e-49cf-bc18-d41b390fd4cf,montgomery.cat,available,26.98,38.98,high,low,10,namecheap,,,16/09/2026 12:22
07217aee-c11a-483f-af0a-2e2798b23aa2,londonderry.cat,available,18.83,25.04,high,low,11,spaceship,,,29/09/2026 09:47
74eddbd4-ea46-460c-857f-bf6599f30802,laredo.cat,available,18.83,25.04,medium,low,6,spaceship,,,28/09/2026 19:41
c9742e3f-8e44-4ff2-a894-b4faf8246803,eudaemonic.cat,available,26.98,38.98,medium,low,10,namecheap,,,17/08/2026 14:10
492e5e08-4daa-4bdd-9fbc-cee9a6bfde7b,pester.cat,available,26.98,38.98,medium,low,6,namecheap,,,21/09/2026 17:02
afe3b447-4b99-448a-b076-b9740c480de6,dysprosium.cat,available,26.98,38.98,medium,low,10,namecheap,,,20/09/2026 23:28
e7e99c98-4b9a-4729-8e76-b2c185909934,end.cat,available,26.98,38.98,high,low,3,namecheap,,,19/09/2026 15:33
aeef3097-28e0-4938-a16b-67961a9e3e6c,faint.cat,available,26.98,38.98,high,low,5,namecheap,,,17/08/2026 21:01
4c886812-3a09-41e9-a2f4-6b913210997f,arrayed.cat,available,26.98,38.98,medium,low,7,namecheap,,,06/08/2026 21:37
3851936a-1788-4cfc-ac2c-fe59d86c9b7b,keystone.cat,available,26.98,38.98,high,medium,8,namecheap,,,21/09/2026 15:13
8c050431-1a60-4aeb-bfa1-6b4cfa402ab5,cuneiform.cat,available,26.98,38.98,high,low,9,namecheap,,,13/08/2026 10:34
1f07f9da-5f52-408a-9266-727e17dbc3e9,evenings.cat,available,18.83,25.04,medium,low,8,spaceship,,,29/09/2026 05:28
61a5ad29-37ea-4427-bf57-ef0c15bb9cb6,horatio.cat,available,18.83,25.04,medium,low,7,spaceship,,,28/09/2026 00:17
b702409a-894f-46e2-afda-cd8e0f4835ea,homoerotic.cat,available,26.98,38.98,medium,low,10,namecheap,,,21/08/2026 12:51
056c46a3-45c2-47c8-9eca-79f721cf85aa,station.cat,available,26.98,38.98,high,low,7,namecheap,,,25/09/2026 10:03
adb6077b-02ab-4cff-95d8-65f88bfbb1e1,entrance.cat,available,26.98,38.98,high,low,8,namecheap,,,22/08/2026 01:46
60ebfd22-1045-4361-a977-6d8d23b700bb,araneae.cat,available,39.99,39.99,medium,low,7,name.com,,,20/09/2026 00:06
f65a1d69-adf2-45b8-a566-dab34f36c919,minneapolis.cat,available,18.83,25.04,high,low,11,spaceship,,,29/09/2026 15:27
0e439f57-486d-43d6-b70f-c270126a4d9c,farmers.cat,available,26.98,38.98,high,medium,7,namecheap,,,18/09/2026 07:06
8fe8d52f-5232-4f0d-b2d4-e2746344dab6,nebraska.cat,available,18.83,25.04,high,low,8,spaceship,,,29/09/2026 11:38
e34955dc-fc5d-4569-b94e-ccccab2e821d,gunrunner.cat,available,26.98,38.98,medium,low,9,namecheap,,,20/09/2026 07:45
f7009827-efd7-44f0-a9d2-7d1a5d83faa4,playlists.cat,available,26.98,38.98,high,low,9,namecheap,,,21/09/2026 09:24
30d3e5e5-d5d7-4cd1-a0fb-ef29dd6fbbd7,almagrib.cat,available,26.98,38.98,medium,low,9,namecheap,,,24/08/2026 16:25
3c297586-3caa-44bc-9aa9-4e93b27f44e1,rag.cat,available,26.98,38.98,high,low,3,namecheap,,,24/09/2026 12:22
66c8085f-bd64-464e-b95c-11f899dbea76,strangled.cat,available,26.98,38.98,high,medium,9,namecheap,,,10/09/2026 12:13
edb4078a-cb3b-4811-845a-ea87f8283eda,foldable.cat,available,26.98,38.98,high,low,8,namecheap,,,18/08/2026 10:06
1522c2c2-03d6-4244-8cb0-18b152326219,asserted.cat,available,26.98,38.98,medium,low,8,namecheap,,,07/08/2026 05:54
23a23b9e-ee91-4b93-9729-d226a6514707,separating.cat,available,18.83,25.04,high,low,10,spaceship,,,29/09/2026 08:48
dc6834c4-286b-4479-97be-1f72554c21b0,capsulize.cat,available,26.98,38.98,medium,low,9,namecheap,,,11/08/2026 18:15
a549e0fa-4355-4ebc-856f-9233deaa7cff,myeloid.cat,available,26.98,38.98,medium,low,7,namecheap,,,03/09/2026 12:06
37b95977-5191-4424-b916-baee3b7eb020,caring.cat,available,26.98,38.98,high,low,6,namecheap,,,23/09/2026 13:03
607baefd-9616-4cf7-8c50-2f6004d0e9c1,beloit.cat,available,18.83,25.04,high,low,6,spaceship,,,29/09/2026 22:33
804f298b-5121-4b9e-8a9c-1255e3dc1217,contractor.cat,available,26.98,38.98,high,low,10,namecheap,,,24/09/2026 17:45
5a4a383c-5816-4227-ab14-518c8bd47cd6,multicolor.cat,available,26.98,38.98,high,low,10,namecheap,,,03/09/2026 10:35
4ab7b6dc-9f24-4c31-975d-1e42292b4777,shuttle.cat,available,18.83,25.04,high,low,7,spaceship,,,27/09/2026 15:53
bb22fad6-3908-4cd8-a29e-3c09ca188699,personnel.cat,available,18.5,24.59,high,low,9,dynadot,,,27/09/2026 15:14
c4da71aa-c1d7-4872-8628-395e6921e467,execute.cat,available,18.83,25.04,high,low,7,spaceship,,,27/09/2026 16:26
b7c65425-6b04-4ac2-94b3-a1cd6e32ec3e,supply.cat,available,18.83,25.04,high,low,6,spaceship,,,28/09/2026 08:29
1dbc39ef-6351-49ea-ab60-9a573792568c,composing.cat,available,26.98,38.98,high,low,9,namecheap,,,24/09/2026 16:54
9b2d2aa1-24df-4b9e-b225-c314d62c298a,ascribe.cat,available,26.98,38.98,high,low,7,namecheap,,,21/09/2026 02:19
b23971de-1843-4010-aa90-0d07764a3ea0,rumansh.cat,available,26.98,38.98,high,medium,7,namecheap,,,09/09/2026 18:32
7c4c724a-ec2e-421d-8500-a0157b7292bb,hicks.cat,available,18.48,24.56,medium,low,5,dynadot,,,28/09/2026 12:48
71911bc1-c40d-4e13-92fd-6213db282bb9,phrenic.cat,available,26.98,38.98,high,medium,7,namecheap,,,08/09/2026 19:21
2fd845dd-fbdf-4483-8a9b-78c941547974,offbeat.cat,available,26.98,38.98,high,low,7,namecheap,,,17/08/2026 22:21
799d3a23-030b-4389-8a4c-cd2d9858c808,intently.cat,available,26.98,38.98,medium,low,8,namecheap,,,15/09/2026 08:56
de22c909-d59c-4a95-8540-d476f76f4ecb,anopheles.cat,available,26.98,38.98,medium,low,9,namecheap,,,19/09/2026 11:39
deb9ed01-f864-47cb-bf51-be52e28aa1ef,tuneful.cat,available,26.98,38.98,high,low,7,namecheap,,,24/08/2026 19:43
a3c3f887-3c48-43b3-a523-a2ce949050b9,claiming.cat,available,18.48,24.56,high,low,8,dynadot,,,28/09/2026 11:29
7074ff8f-26c1-44c2-a611-12d7ae8bf191,grassless.cat,available,26.98,38.98,medium,low,9,namecheap,,,20/08/2026 18:13
ea631836-040c-4401-81ff-eec641bce8db,pursuing.cat,available,26.98,38.98,high,medium,8,namecheap,,,09/09/2026 06:27
9e4ef876-5292-4562-8b8e-9d9d8bafc302,kitts.cat,available,18.47,24.55,medium,low,5,dynadot,,,29/09/2026 09:58
b3c4daa6-c4b1-44a3-9cb5-4dadc5ebe1a2,sexless.cat,available,26.98,38.98,medium,low,7,namecheap,,,10/09/2026 05:17
0fb43482-429f-43fd-a248-19f9fc1cac65,heavily.cat,available,26.98,38.98,medium,low,7,namecheap,,,21/08/2026 05:28
617427a2-1813-40c5-80af-d9f0fdb26a51,furred.cat,available,26.98,38.98,medium,low,6,namecheap,,,18/08/2026 18:52
e0a5afd2-a5ae-409d-9d64-e462ab162f5e,currents.cat,available,18.83,25.04,medium,low,8,spaceship,,,29/09/2026 17:16
e0dbde65-43fe-4651-8485-a10d38ce397b,deliver.cat,available,18.83,25.04,high,low,7,spaceship,,,29/09/2026 02:52
8df41805-0de4-49f9-816d-41e3dcc97a9a,corbin.cat,available,18.83,25.04,high,low,6,spaceship,,,28/09/2026 07:42
1446dac0-e754-4a77-96fd-a5d4bda889aa,annelidan.cat,available,26.98,38.98,medium,low,9,namecheap,,,
185d5e16-5a99-4807-9d94-39f471de5504,bremen.cat,available,26.98,38.98,high,low,6,namecheap,,,25/09/2026 21:59
97a37444-63e5-4642-a5a2-0ae9413854eb,shona.cat,available,26.98,38.98,high,medium,5,namecheap,,,10/09/2026 06:44
87a778cd-70ad-41e8-8eba-87b902bce3f0,fencing.cat,available,26.98,38.98,high,low,7,namecheap,,,29/09/2026 00:54
ea42514d-2d72-4417-8a9d-c43f7562887b,ontogeny.cat,available,26.98,38.98,medium,low,8,namecheap,,,20/08/2026 20:29
4aba0faf-3d2d-4977-9f55-0465a6eae64b,faults.cat,available,26.98,38.98,low,low,6,namecheap,,,29/09/2026 11:04
42f2e6f0-6bb9-4ae7-a9ce-bf923f60844b,niebuhr.cat,available,26.98,38.98,medium,low,7,namecheap,,,22/09/2026 09:08
f36bb012-e002-401a-9b3c-2b5a5c4bf7bc,mileage.cat,available,18.83,25.04,high,low,7,spaceship,,,29/09/2026 12:25
a50d1163-7016-4442-a513-7b607ee066cd,foolproof.cat,available,26.98,38.98,high,low,9,namecheap,,,18/08/2026 10:37
748f4876-7307-4a69-83d1-032e0c23b278,derivative.cat,available,26.98,38.98,high,low,10,namecheap,,,14/08/2026 03:01
4f8dfc6e-652e-431e-876e-7f00d147a186,phases.cat,available,26.98,38.98,medium,low,6,namecheap,,,18/09/2026 14:38
05f6f01e-681d-41d7-8027-a00e5b629f0d,dighted.cat,available,26.98,38.98,low,low,7,namecheap,,,14/08/2026 07:17
a21e78fb-24f4-4fb5-9bfc-82d86b145f31,anthropology.cat,available,18.83,25.04,high,low,12,spaceship,,,29/09/2026 16:22
71d7c4d2-9c6e-4eeb-8e42-197cda3b5a8c,colleague.cat,available,26.98,38.98,high,low,9,namecheap,,,24/09/2026 16:08
42449c4d-f26e-4ee8-88ad-30da8acaae45,tenanted.cat,available,26.98,38.98,medium,low,8,namecheap,,,11/09/2026 11:09
0e1765d3-0e6b-4327-a615-893b6c5f5f65,unbecoming.cat,available,26.98,38.98,medium,low,10,namecheap,,,22/08/2026 02:19
3ba60582-9379-4c43-9c0a-350a1b3048c0,formerly.cat,available,26.98,38.98,high,low,8,namecheap,,,24/09/2026 15:13
dbed0941-871b-49e4-8b10-d984f9cb96c3,mighty.cat,available,26.98,38.98,high,low,6,namecheap,,,24/08/2026 22:43
f4e23e0c-0a01-4803-909b-427de6148658,bicyclist.cat,available,26.98,38.98,high,low,9,namecheap,,,23/09/2026 13:22
39e42add-a042-4d11-8568-b8080a73f637,fearlessly.cat,available,26.98,38.98,high,low,10,namecheap,,,14/09/2026 10:44
782596c1-46e3-46f7-861c-5a3a92073d70,rationed.cat,available,26.98,38.98,high,medium,8,namecheap,,,09/09/2026 10:34
7d19c22d-1b91-41f4-966f-84c28f3adfc7,curtiss.cat,available,18.5,24.59,high,low,7,dynadot,,,27/09/2026 12:50
7274d3f3-8956-4cec-8a5a-5ae598230209,hushed.cat,available,26.98,38.98,medium,low,6,namecheap,,,21/08/2026 15:54
2c2b44f7-4214-44bc-badb-2f56a9b42892,burglary.cat,available,18.83,25.04,medium,low,8,spaceship,,,29/09/2026 00:17
062c211e-4f97-4a86-80cc-79732f0b7582,attribute.cat,available,26.98,38.98,high,low,9,namecheap,,,21/09/2026 02:16
0bde6075-58f0-4eea-b8d6-04c25290d045,feelingly.cat,available,26.98,38.98,medium,low,9,namecheap,,,14/09/2026 18:18
f83d9e96-1d63-4226-aead-f6f595251ee2,lakewood.cat,available,18.48,24.56,high,low,8,dynadot,,,28/09/2026 16:53
a5e95356-ca3d-4b55-be7f-4f38cfe67821,resultant.cat,available,26.98,38.98,high,low,9,namecheap,,,
bcfee937-fb44-426e-9a29-8f20b67e77c8,bertolucci.cat,available,26.98,38.98,high,low,10,namecheap,,,23/09/2026 09:50
3a2a0318-09a4-41f1-8a14-c71cc224a1cf,zaragoza.cat,available,26.98,38.98,high,low,8,namecheap,,,29/09/2026 08:01
800ee0fe-2bb2-4167-bb7c-a5f3859ee46b,tramontane.cat,available,26.98,38.98,medium,low,10,namecheap,,,11/09/2026 18:48
d144388d-5b78-4945-87fc-6749b4e4feda,staid.cat,available,26.98,38.98,medium,low,5,namecheap,,,10/09/2026 01:34
fa8553cd-b1ac-465e-b722-7b2683a5734b,bowls.cat,available,26.98,38.98,high,low,5,namecheap,,,29/09/2026 03:46
4bda5ef6-b96f-41f2-a795-c188999b2d6c,blear.cat,available,26.98,38.98,medium,low,5,namecheap,,,10/08/2026 14:01
5fe4d246-df75-4279-a7ce-beef4aca66da,geography.cat,available,18.83,25.04,high,low,9,spaceship,,,28/09/2026 19:20
9711aa63-8909-402b-b815-1b9cc8429690,gamely.cat,available,26.98,38.98,medium,low,6,namecheap,,,14/09/2026 21:02
e100136c-d6bb-424e-b586-5ad811d44487,banality.cat,available,26.98,38.98,medium,low,8,namecheap,,,12/08/2026 19:14
05dad746-437c-40d6-98db-04f2e9746681,unflagging.cat,available,26.98,38.98,high,low,10,namecheap,,,22/08/2026 02:31
59bf994f-d47d-4a02-b81b-c54acec8caa4,devotions.cat,available,26.98,38.98,medium,low,9,namecheap,,,20/09/2026 02:07
a1ba2e71-fec2-4f2b-91f7-6a53e7c76e31,audile.cat,available,26.98,38.98,medium,low,6,namecheap,,,07/08/2026 16:40
cab29aec-35f7-461b-a2e6-2cd39bf22e94,evermore.cat,available,26.98,38.98,high,low,8,namecheap,,,14/09/2026 16:19
028ac226-a975-4249-ac79-b0362951a064,aguacate.cat,available,26.98,38.98,medium,low,8,namecheap,,,07/08/2026 23:46
cd71559a-72a2-4c9d-b790-55ae764f44b7,modernist.cat,available,26.98,38.98,high,low,9,namecheap,,,27/09/2026 04:47
87d58105-e5c0-483d-bf4b-28b33fc24765,praises.cat,available,26.98,38.98,medium,low,7,namecheap,,,19/09/2026 00:10
68a236a4-5251-4e36-9354-8f9465befc48,bailment.cat,available,39.99,39.99,medium,low,8,name.com,,,21/09/2026 19:09
7708a8d0-0625-4ea5-a232-5885efa0c442,reigning.cat,available,26.98,38.98,high,medium,8,namecheap,,,09/09/2026 12:57
945e707f-1a5f-4a88-ac1c-d912929fd5c3,horsepower.cat,available,26.98,38.98,high,low,10,namecheap,,,29/09/2026 19:06
7634253d-3155-4ccf-919b-8f3c05c1b566,controversy.cat,available,18.47,24.55,medium,low,11,dynadot,,,29/09/2026 10:11
ab22c9e3-b647-4724-9b60-649016b22311,sibling.cat,available,18.83,25.04,high,low,7,spaceship,,,29/09/2026 20:18
d3116f89-ea88-408e-a4fd-d81347695b59,verboten.cat,available,26.98,38.98,medium,low,8,namecheap,,,18/08/2026 11:06
bf3aed01-bddc-4c9b-a692-36c9bbdbf0fe,theoretic.cat,available,26.98,38.98,medium,low,9,namecheap,,,11/09/2026 12:54
c4a64ab7-8043-4a4b-a5f6-f4e7d75ad187,bands.cat,available,26.98,38.98,high,low,5,namecheap,,,16/09/2026 12:26
7bb08994-2c70-49f0-b5cc-c84a93270a89,barm.cat,available,26.98,38.98,medium,low,4,namecheap,,,22/09/2026 06:34
a287df14-c6a5-4499-a4c3-1a5482056fb9,focussed.cat,available,26.98,38.98,high,low,8,namecheap,,,18/08/2026 09:47
3360c2c8-1a8d-42e8-ad7c-3ac7c06a6c5e,sew.cat,available,26.98,38.98,high,low,3,namecheap,,,29/09/2026 14:00
f58b44ef-0f9a-43ff-b480-341b46d2b3f4,dialog.cat,available,26.98,38.98,high,low,6,namecheap,,,24/09/2026 22:13
200dd32c-6a77-4ecd-b453-846fb5a38050,executed.cat,available,26.98,38.98,high,low,8,namecheap,,,17/08/2026 16:55
a46e2834-b974-4bc7-ae85-aa9a8af0700f,stature.cat,available,18.83,25.04,high,low,7,spaceship,,,29/09/2026 08:08
84ac101d-df2e-4376-9d0c-5bdfa79ed6d5,mild.cat,available,26.98,38.98,high,low,4,namecheap,,,25/09/2026 18:55
fc4db328-1a03-48d7-be54-e750c2ca3f52,anoxia.cat,available,26.98,38.98,medium,low,6,namecheap,,,19/09/2026 11:58
1269877a-e453-456e-877b-3158c1249d7b,aspirator.cat,available,26.98,38.98,medium,low,9,namecheap,,,20/09/2026 15:23
874ac173-bc16-4f65-b7fa-c448c50751fd,recipes.cat,available,18.83,25.04,high,low,7,spaceship,,,29/09/2026 06:03
e1c06655-681a-400c-a033-bab4982b3b9c,vomit.cat,available,26.98,38.98,high,medium,5,namecheap,,,10/09/2026 07:32
a3905142-0cbc-4707-ae35-974d96646e2a,sensation.cat,available,26.98,38.98,high,low,9,namecheap,,,21/09/2026 17:34
a836d4a0-4329-4ead-acd5-fe61a5525df8,rosebush.cat,available,26.98,38.98,high,medium,8,namecheap,,,09/09/2026 18:41
6d397bcd-4c4c-4fc7-aada-59577f006cd4,caloric.cat,available,26.98,38.98,medium,low,7,namecheap,,,11/08/2026 15:07
e5eafbeb-e02c-44d4-abb1-f3401943be35,fascist.cat,available,26.98,38.98,medium,low,7,namecheap,,,17/08/2026 22:58
5776f77b-5323-45b9-8f5a-6e69bb002e57,stormproof.cat,available,26.98,38.98,low,low,10,namecheap,,,10/09/2026 21:24
540e3842-cbee-4eec-81ee-a484c05cce3f,academism.cat,available,39.99,39.99,medium,low,9,name.com,,,16/09/2026 20:23
75e7f97a-fe06-4c7c-b67a-31d94fcaf3b7,cashed.cat,available,26.98,38.98,high,low,6,namecheap,,,11/08/2026 20:15
8adc8e4d-5ae0-44c9-a2e2-774659ecb867,asmara.cat,available,26.98,38.98,medium,low,6,namecheap,,,20/09/2026 14:27
19ad6db5-cc84-43c2-886c-b05d8468d9fa,brooks.cat,available,26.98,38.98,high,low,6,namecheap,,,24/09/2026 10:47
f186a9e8-faad-41e8-a726-181db979130f,lobar.cat,available,26.98,38.98,medium,low,5,namecheap,,,24/08/2026 08:33
70a134ef-9c71-476a-80a5-e3eab9faf960,blenheim.cat,available,26.98,38.98,high,low,8,namecheap,,,24/09/2026 05:52
f4dd6f45-959a-4e6e-9a45-8e77366cded1,fanny.cat,available,26.98,38.98,medium,low,5,namecheap,,,09/08/2026 12:00
f9876fbc-027d-4e18-a488-3559003c3f59,teresa.cat,available,26.98,38.98,high,low,6,namecheap,,,17/09/2026 18:40
b9124651-aa28-4e47-be0c-799a38a80e5e,gaping.cat,available,26.98,38.98,high,low,6,namecheap,,,
9fe16f78-f0bf-49fb-9f6a-307f828ca2ca,gur.cat,available,26.98,38.98,medium,low,3,namecheap,,,13/09/2026 06:52
449ad46f-d7d5-4aea-9dee-4445fd2420f2,lease.cat,available,26.98,38.98,high,low,5,namecheap,,,09/09/2026 14:19
b36818c1-031e-4d7c-8dfd-7eafd3cf6a27,orphic.cat,available,26.98,38.98,medium,low,6,namecheap,,,03/09/2026 12:27
689bbe1f-c589-4284-a04e-c0ff9b532992,aunt.cat,available,18.83,25.04,high,low,4,spaceship,,,28/09/2026 23:17
e1881aea-74e5-43f4-a55d-bfca4c45918b,wrestler.cat,available,18.83,25.04,high,low,8,spaceship,,,29/09/2026 19:04
1fd3b853-a233-4e5b-a560-f14f92b9c4a1,equivocal.cat,available,26.98,38.98,high,low,9,namecheap,,,
54a4ebea-a1b2-4cc3-a0e5-0438d99e41f1,fits.cat,available,26.98,38.98,medium,low,4,namecheap,,,18/09/2026 18:43
3137730c-c5ab-4dc1-83dc-ae0bbb6f7050,condolence.cat,available,18.83,25.04,high,low,10,spaceship,,,29/09/2026 10:42
6a7091cc-ed83-4f81-87e7-e0e0ca9696aa,surface.cat,available,26.98,38.98,high,medium,7,namecheap,,,19/09/2026 13:21
dee89848-410a-421d-a1c4-356a8bed77b5,clockwise.cat,available,26.98,38.98,high,low,9,namecheap,,,12/08/2026 11:33
ea4044e3-19a5-4c25-a4b2-ea9295bab9ca,ghostlike.cat,available,26.98,38.98,medium,low,9,namecheap,,,06/08/2026 05:23
40b2155c-0eb0-4c63-a671-5a5b98add0bc,hothead.cat,available,39.99,39.99,medium,low,7,name.com,,,13/08/2026 17:45
75d76b23-0ca1-4e6a-b3c7-25f88008894b,voluntary.cat,available,26.98,38.98,high,low,9,namecheap,,,13/09/2026 07:07
4a1cea17-aa22-4dc3-b67e-79e7f4cd77ce,hornless.cat,available,26.98,38.98,medium,low,8,namecheap,,,21/08/2026 14:06
0e127410-e531-4128-9b84-33bcb2996c05,memphis.cat,available,18.48,24.56,high,low,7,dynadot,,,28/09/2026 06:24
f0bd8f2a-c29d-4710-9384-e3cbbae46347,crybaby.cat,available,26.98,38.98,medium,low,7,namecheap,,,23/09/2026 06:47
0a925dcc-42c1-4cf8-80cf-46c71912f038,hebrew.cat,available,26.98,38.98,high,low,6,namecheap,,,21/08/2026 05:43
e7b2ee14-1ea2-47de-aa34-ad1f73b95ba6,eindhoven.cat,available,18.42,24.48,high,low,9,dynadot,,,30/09/2026 01:28
0e9a1ce4-0d93-4ae5-8209-0cf380ba5840,peek.cat,available,18.48,24.56,high,low,4,dynadot,,,28/09/2026 19:21
a09b39ac-f05c-4f85-a8ae-d97d4c5f2295,honour.cat,available,26.98,38.98,high,low,6,namecheap,,,16/09/2026 22:47
9915cb57-9d42-4baf-a423-92510e056f92,isle.cat,available,18.83,25.04,high,low,4,spaceship,,,30/09/2026 00:26
631d0495-9665-4e11-90eb-18a8806b2f19,soporific.cat,available,26.98,38.98,medium,low,9,namecheap,,,21/08/2026 16:58
948961de-0576-4f36-938c-48b7430ad11d,rosa.cat,resell,,,high,low,4,,,,28/09/2026 05:49
7e8b285c-2bda-43d9-b00a-38ff9aa55377,eel.cat,available,18.83,25.04,high,low,3,spaceship,,,30/09/2026 01:28
d9c90556-fbcb-4095-84ee-b31f4f560a31,badinage.cat,available,26.98,38.98,medium,low,8,namecheap,,,21/09/2026 17:13
2142eba9-c2c4-4de0-815f-19571d3a8b79,moony.cat,available,26.98,38.98,medium,low,5,namecheap,,,14/08/2026 18:50
06beaf03-06b8-4a0a-90c8-32694fb864ff,slavelike.cat,available,26.98,38.98,medium,low,9,namecheap,,,10/09/2026 10:32
b7210e30-2ae6-4e39-b7e6-90e46720eea9,cushioned.cat,available,26.98,38.98,high,low,9,namecheap,,,13/08/2026 11:53
04c85438-0766-4b83-93e4-bcaab3b0019b,wheezy.cat,available,26.98,38.98,low,low,6,namecheap,,,07/08/2026 09:30
41ea61f0-01ea-4138-a3a9-7ac335fa246d,differences.cat,available,26.98,38.98,medium,low,11,namecheap,,,17/09/2026 14:00
2df98a33-1dfc-4769-9cc3-dfd5783e16ff,crete.cat,available,26.98,38.98,high,low,5,namecheap,,,30/09/2026 01:10
7ab70b4b-1a95-498a-902b-bb50c2da848c,alupent.cat,available,26.98,38.98,medium,low,7,namecheap,,,18/09/2026 15:17
7159ce2a-9a40-4b4f-b5a9-281c80f99d6e,casimir.cat,available,18.47,24.55,medium,low,7,dynadot,,,29/09/2026 03:56
a0dae269-241f-4656-9d82-77fb0e83b114,windless.cat,available,26.98,38.98,medium,low,8,namecheap,,,13/09/2026 12:14
70165a2a-c54e-46cd-87db-fc8cb136de60,antbird.cat,available,26.98,38.98,medium,low,7,namecheap,,,19/09/2026 12:17
8926ac84-8f93-4669-9206-399caa5d6e1e,fondly.cat,available,26.98,38.98,high,low,6,namecheap,,,14/09/2026 19:12
c9ae683d-d672-4785-9d96-1e7cce718b90,invertible.cat,available,26.98,38.98,medium,low,10,namecheap,,,22/08/2026 09:00
ff7212d4-0b4e-42e1-a8c6-e16433fae9ee,unassuming.cat,available,18.83,25.04,high,low,10,spaceship,,,27/09/2026 13:26
979fe9db-3e39-4722-91e8-290e33616848,kershaw.cat,available,18.47,24.55,medium,low,7,dynadot,,,29/09/2026 22:25
1e1df5c6-71da-49ad-a3dc-a2ace50153d6,sappy.cat,available,26.98,38.98,medium,low,5,namecheap,,,12/08/2026 14:56
55cdd8a5-b23c-453e-ac1f-f867db5c1601,cripple.cat,available,26.98,38.98,medium,low,7,namecheap,,,22/08/2026 18:58
c6143097-404d-4f02-b5e5-5658a86a77d7,newtonian.cat,available,26.98,38.98,medium,low,9,namecheap,,,03/09/2026 16:55
ffaf07d4-e56b-40e1-b84f-6415a2d4b8b7,hostess.cat,available,26.98,38.98,high,low,7,namecheap,,,17/09/2026 22:27
6fab6682-b0b1-41ba-8b7f-4e535c3f1404,arbitrager.cat,available,26.98,38.98,medium,low,10,namecheap,,,20/09/2026 00:30
884ae8a5-17f9-4909-a249-42de64ef0996,thereafter.cat,available,26.98,38.98,high,low,10,namecheap,,,16/09/2026 08:38
b21c0892-9631-445c-bc72-e154047663f1,concussion.cat,available,18.83,25.04,high,low,10,spaceship,,,29/09/2026 10:35
03fae551-d23e-4c20-9b25-195dc3225637,clarifying.cat,available,26.98,38.98,high,low,10,namecheap,,,12/08/2026 09:37
67a57ee7-8d5f-474c-a6ba-ea49cf212fd8,boycott.cat,available,26.98,38.98,medium,low,7,namecheap,,,24/09/2026 07:48
7b43f674-ea4e-4aa0-86e0-157466da8095,cleansing.cat,available,26.98,38.98,high,low,9,namecheap,,,
5716e0e0-0d7c-45ab-91d9-57a3fafa8913,unsold.cat,available,26.98,38.98,medium,low,6,namecheap,,,12/09/2026 20:17
e89482ee-e333-4a0e-8a7c-b054bcf509d9,involves.cat,available,26.98,38.98,medium,low,8,namecheap,,,19/09/2026 23:56
851ca007-b609-424d-a190-d902b69c96a4,dural.cat,available,26.98,38.98,medium,low,5,namecheap,,,14/08/2026 21:30
9de9130a-36fc-40d9-91c7-88a33fa1a0ea,promethium.cat,available,26.98,38.98,medium,low,10,namecheap,,,20/09/2026 23:23
4bc13975-2eb5-4595-8814-f9dc0bb04fc7,asymmetry.cat,available,26.98,38.98,high,low,9,namecheap,,,20/09/2026 18:39
dbb55e1a-9c35-43be-a9b0-67b84469fa1f,bees.cat,available,26.98,38.98,high,low,4,namecheap,,,18/09/2026 21:40
62d257ed-98d9-47c9-a10f-82dc1b09db4f,teasing.cat,available,26.98,38.98,high,low,7,namecheap,,,22/09/2026 05:24
cf685817-ff56-4f8b-915e-6791c0148290,cochrane.cat,available,26.98,38.98,medium,low,8,namecheap,,,27/09/2026 01:53
c9b51fae-4db3-48c0-b140-323973f07556,orbicular.cat,available,26.98,38.98,medium,low,9,namecheap,,,08/08/2026 10:11
6dd56efb-b9c2-4705-900d-0747b7f03118,harm.cat,available,26.98,38.98,high,low,4,namecheap,,,08/09/2026 07:44
58c0feaa-f2d0-445c-9b66-904e8c5320d9,ascendable.cat,available,26.98,38.98,medium,low,10,namecheap,,,07/08/2026 00:35
9eac3351-b19e-43e4-abf2-25df83bfb7a4,aphotic.cat,available,26.98,38.98,medium,low,7,namecheap,,,05/08/2026 23:37
8a4c608c-246a-4bf6-914b-b48983ccd117,pistols.cat,available,18.47,24.55,medium,low,7,dynadot,,,29/09/2026 11:19
5072cd36-e1ab-4e8b-8aa1-a8d9ce95fb4d,bizet.cat,available,26.98,38.98,high,low,5,namecheap,,,23/09/2026 23:23
e695f0fb-bb80-4bbb-a1dc-9d0b2a508de6,germanic.cat,available,26.98,38.98,high,low,8,namecheap,,,18/08/2026 22:46
498de7b1-c542-4aaf-8237-298d9d75ca6e,ostracize.cat,available,26.98,38.98,medium,low,9,namecheap,,,24/09/2026 01:58
40aa4d87-d591-4bec-91d4-529acdef9170,ephesus.cat,available,18.83,25.04,medium,low,7,spaceship,,,29/09/2026 06:27
32054846-5806-47f2-ab28-0023d1b73583,advocator.cat,available,39.99,39.99,medium,low,9,name.com,,,17/09/2026 11:45
66668a14-e9b0-47a7-82ea-6aefb7c47d95,mccormick.cat,available,26.98,38.98,high,low,9,namecheap,,,25/09/2026 04:30
c85f70ab-e881-4394-a369-8b58fb047be9,jeanette.cat,available,18.83,25.04,high,low,8,spaceship,,,29/09/2026 09:37
7e06c6be-8814-4f9c-a7d1-08b4ee6a6fae,supple.cat,available,26.98,38.98,high,low,6,namecheap,,,23/08/2026 11:09
cb026fa1-4d4b-418e-9372-8e82ac3f4799,clare.cat,available,18.83,25.04,high,low,5,spaceship,,,29/09/2026 03:17
ffdab375-a073-447c-91d7-7b4a52cd6fbc,veridical.cat,available,26.98,38.98,high,low,9,namecheap,,,13/09/2026 02:24
1fcbc9cf-1cbc-4bee-abb5-a3b701d9fc62,capped.cat,available,26.98,38.98,medium,low,6,namecheap,,,11/08/2026 18:02
bda69e43-3b5c-481d-b930-1fcf552f854d,coordinates.cat,available,18.83,25.04,medium,low,11,spaceship,,,28/09/2026 04:24
80cbb3e1-f519-4f00-82be-fad1f0dd0240,satisfied.cat,available,26.98,38.98,high,low,9,namecheap,,,27/09/2026 09:14
19ef467f-888f-466f-ad15-817cd5c0bb44,marrying.cat,available,18.83,25.04,high,low,8,spaceship,,,27/09/2026 17:47
aed5c230-324f-4bea-855f-fc90fdd62dce,acedia.cat,available,26.98,38.98,medium,low,6,namecheap,,,16/09/2026 23:26
338eb24c-9a79-4131-939a-4aa3548e95fe,easiest.cat,available,26.98,38.98,medium,low,7,namecheap,,,28/09/2026 23:51
ea5aaac7-e8b0-4463-8e95-5bc360e18353,melodious.cat,available,26.98,38.98,high,low,9,namecheap,,,24/08/2026 19:38
6d69cc42-fbab-42c2-b194-90fbefe5d8a1,defamer.cat,available,26.98,38.98,medium,low,7,namecheap,,,21/09/2026 15:02
07d631be-048d-4814-92ab-e56d46665845,hardbound.cat,available,26.98,38.98,medium,low,9,namecheap,,,21/08/2026 00:42
80d81fbb-ba6f-4a96-808e-a535fe07cb00,plodding.cat,available,26.98,38.98,medium,low,8,namecheap,,,08/09/2026 21:17
12083908-891c-49e1-b3f7-4f30c6fb26ff,jailed.cat,available,26.98,38.98,medium,low,6,namecheap,,,19/09/2026 04:16
74a32fdc-6f65-40ee-8f4a-92afaa070273,obadiah.cat,available,26.98,38.98,medium,low,7,namecheap,,,16/09/2026 14:40
c0399ed8-375d-48bb-ad9d-24a78742e14e,caution.cat,available,26.98,38.98,high,low,7,namecheap,,,24/09/2026 12:53
1a7a9a05-0d96-403d-9542-694668c2afb0,insightful.cat,available,26.98,38.98,high,low,10,namecheap,,,22/08/2026 07:06
6fda1827-6175-4f22-b53d-954173a52b46,quickly.cat,available,26.98,38.98,high,low,7,namecheap,,,27/09/2026 09:22
82c99dd2-7294-499f-b85c-e038fc2b26ee,applier.cat,available,26.98,38.98,medium,low,7,namecheap,,,19/09/2026 21:54
85949e16-c000-45c8-9117-0ae3d3f41af2,filming.cat,available,18.83,25.04,high,low,7,spaceship,,,29/09/2026 09:15
10257ce7-0629-48ce-94c3-a7e6bcfdd607,ametria.cat,available,26.98,38.98,medium,low,7,namecheap,,,18/09/2026 21:07
82a16cda-21f8-484a-9d3b-8d6a1cb5ea0d,undreamed.cat,available,26.98,38.98,medium,low,9,namecheap,,,12/09/2026 08:22
a3e6dddb-141f-4f40-9029-f6a2d2a66412,loving.cat,available,26.98,38.98,high,low,6,namecheap,,,25/09/2026 14:30
3a8dae4e-8eb0-41d8-a2d3-65df767d37f3,charivari.cat,available,26.98,38.98,high,low,9,namecheap,,,23/09/2026 06:08
947dbe2b-52cd-4853-8ca4-1d5799618bfa,evidenced.cat,available,26.98,38.98,high,low,9,namecheap,,,17/08/2026 15:00
35393d15-6135-4778-906f-7cb8f10a739d,mesial.cat,available,26.98,38.98,medium,low,6,namecheap,,,24/08/2026 21:08
7b7d5542-1c30-4e85-b3b8-d8a18770f8ad,glimpse.cat,available,26.98,38.98,high,low,7,namecheap,,,24/09/2026 18:42
e1bb7eca-e31d-4dbd-9be0-df506da8248e,slantwise.cat,available,26.98,38.98,medium,low,9,namecheap,,,16/09/2026 02:22
9350487f-2919-4314-9015-0cd2031c3f10,taradiddle.cat,available,26.98,38.98,medium,low,10,namecheap,,,21/09/2026 23:52
a9b22fec-c049-465d-820c-94dccc880023,aerialist.cat,available,39.99,39.99,high,low,9,name.com,,,17/09/2026 12:50
116bd246-32ad-460f-9a8a-2532bd08229b,cryonic.cat,available,26.98,38.98,medium,low,7,namecheap,,,13/08/2026 09:37
7f51f16e-b9a1-4304-8159-91d6bc6bbf20,choky.cat,available,26.98,38.98,low,low,5,namecheap,,,12/08/2026 06:42
579ef29e-a8cb-4d50-aaa1-1ca038dc720e,altawhid.cat,available,26.98,38.98,medium,low,9,namecheap,,,18/09/2026 01:07
bee67c7e-f9c1-4354-bce3-a86e7e51ef7f,beryllium.cat,available,26.98,38.98,medium,low,9,namecheap,,,20/09/2026 23:00
12527f64-5ebd-4b1d-a58c-d6d357223286,dirigible.cat,available,26.98,38.98,medium,low,9,namecheap,,,14/08/2026 09:02
9b9a1a0e-0a35-4c6b-a906-c16817f03356,dies.cat,available,26.98,38.98,medium,low,4,namecheap,,,25/09/2026 16:12
e99e2607-fd4a-4b6f-8065-b427d895b841,confiscated.cat,available,26.98,38.98,low,low,11,namecheap,,,29/09/2026 11:03
2fb644f2-408f-4e4c-8c36-a40ded76012b,swishing.cat,available,26.98,38.98,high,low,8,namecheap,,,18/09/2026 03:16
0ae489a3-3a97-4669-a8c9-a3de2e19167f,targets.cat,available,26.98,38.98,medium,low,7,namecheap,,,18/09/2026 15:18
9c98611d-480c-435b-8f4f-aa81a9f63292,browning.cat,available,18.83,25.04,high,low,8,spaceship,,,29/09/2026 11:47
b6b66607-c22e-4f4b-a88c-8de1a8f8f52a,killing.cat,available,26.98,38.98,medium,low,7,namecheap,,,22/08/2026 15:57
b12c7846-b155-425d-a37a-b7cf557eb1c1,unsaid.cat,available,26.98,38.98,medium,low,6,namecheap,,,12/09/2026 09:43
81d4af53-f327-4c36-814e-47157e5a1873,agua.cat,available,26.98,38.98,high,low,4,namecheap,,,17/09/2026 20:04
9773d880-f59f-4ee5-b3fd-32109bb8fb95,spoil.cat,available,26.98,38.98,high,low,5,namecheap,,,09/09/2026 08:16
746a060c-5252-45e9-80b6-0415ae94e245,shameless.cat,available,26.98,38.98,medium,low,9,namecheap,,,10/09/2026 05:53
17d096d6-932f-4c6b-9670-b92f5ca9da6f,llb.cat,available,26.98,38.98,medium,low,3,namecheap,,,21/09/2026 14:13
a577fc2a-f974-4705-ae98-6b6a0eb85fd7,balochi.cat,available,26.98,38.98,high,low,7,namecheap,,,21/09/2026 23:40
7c7f1bad-30ec-4b0f-bfe0-9a56a1899db9,aubergine.cat,available,39.99,39.99,high,low,9,name.com,,,21/09/2026 02:33
a268a4e6-0047-419a-af26-c663a4ed89ba,lutz.cat,available,18.83,25.04,medium,low,4,spaceship,,,28/09/2026 15:40
2c550168-122b-4ef8-b738-0501bd0e8b92,antilog.cat,available,26.98,38.98,medium,low,7,namecheap,,,19/09/2026 14:38
c6fc34df-4600-48f9-86ca-ca2834507ce9,septic.cat,available,26.98,38.98,high,low,6,namecheap,,,22/08/2026 04:07
1503f3e1-5287-4bb4-bb7a-e03a3f8ec55e,stakeholder.cat,available,18.83,25.04,high,low,11,spaceship,,,29/09/2026 08:31
ce5ea610-755a-477c-baee-a5d32d77ba5b,radiation.cat,available,26.98,38.98,high,low,9,namecheap,,,17/09/2026 04:59
8bb21446-b25d-42a6-8966-f05f9231f15c,assessable.cat,available,26.98,38.98,medium,low,10,namecheap,,,07/08/2026 06:04
95d93020-687d-4f6a-9630-e3ac9b2a1188,heavier.cat,available,26.98,38.98,low,low,7,namecheap,,,29/09/2026 04:51
e5584f40-cfc5-4810-b940-5424154509ca,aggregate.cat,available,26.98,38.98,high,low,9,namecheap,,,
ee800053-cabe-4084-bac8-bc56dd2c4ac8,jewelled.cat,available,26.98,38.98,medium,low,8,namecheap,,,18/08/2026 21:12
bcc04ad8-af66-4f5f-aa94-d34ea0de9e15,spawn.cat,available,18.47,24.55,high,low,5,dynadot,,,30/09/2026 00:52
7d8a931d-bbda-48fa-9546-9e36be3849ec,flattering.cat,available,26.98,38.98,high,low,10,namecheap,,,18/08/2026 06:57
8b6c1e70-5a67-4ff2-a7ab-c1549dd09729,unsworn.cat,available,26.98,38.98,medium,low,7,namecheap,,,12/09/2026 20:53
7be18afd-412b-4f91-bba7-c1e659e38768,median.cat,available,26.98,38.98,high,low,6,namecheap,,,25/09/2026 18:47
2c8d3fae-fef6-4470-96c9-820d7554f56f,homeward.cat,available,26.98,38.98,high,low,8,namecheap,,,21/08/2026 11:22
7f2a4ddc-7a30-4826-83aa-f0352020b78f,vales.cat,available,26.98,38.98,medium,low,5,namecheap,,,21/09/2026 02:12
ddab2749-74d3-430b-a1c1-33e432a1d3ce,scratches.cat,available,26.98,38.98,medium,low,9,namecheap,,,
bfd222da-be7a-4368-a78c-d3969bd46f6b,columbian.cat,available,26.98,38.98,high,low,9,namecheap,,,12/08/2026 18:12
bbb0a677-409e-4e06-99e6-1efe25f38011,momentous.cat,available,26.98,38.98,high,low,9,namecheap,,,25/08/2026 03:59
f8f7900c-4466-43b8-84a8-7b919bd76315,aerobic.cat,available,26.98,38.98,high,low,7,namecheap,,,21/09/2026 21:01
d226497a-8046-41e5-b454-b0bc52266a86,bize.cat,available,26.98,38.98,medium,low,4,namecheap,,,23/09/2026 21:41
35cdf70b-e8c7-4181-8499-ae172f3a100a,evasion.cat,available,18.83,25.04,high,low,7,spaceship,,,29/09/2026 18:40
25efb850-5ab7-44d1-9ef4-cbb13d7ae8aa,holdings.cat,available,26.98,38.98,medium,low,8,namecheap,,,17/09/2026 20:27
4e00088a-f96e-44d6-ae25-d0bd85d4f915,deprived.cat,available,26.98,38.98,medium,low,8,namecheap,,,14/08/2026 02:45
bc71696c-688e-465f-ae3f-d7a2853495ee,juliet.cat,available,18.83,25.04,high,low,6,spaceship,,,28/09/2026 03:46
bbf13990-0ed6-4167-9ab3-0df8a720dadc,degrading.cat,available,39.99,39.99,medium,low,9,name.com,,,13/08/2026 20:10
6212f692-fd05-4b3f-b66d-448ba3322095,wholemeal.cat,available,26.98,38.98,medium,low,9,namecheap,,,13/09/2026 11:17
ff188a44-b22f-4cb0-9758-e55dab43fbea,champion.cat,available,39.99,39.99,high,low,8,name.com,,,21/09/2026 17:32
d7fb457f-db47-4d63-a77f-3b758a9e35ba,carnal.cat,available,26.98,38.98,high,low,6,namecheap,,,
e711ba88-37fb-40bb-890f-7ccc21403095,gloomy.cat,available,26.98,38.98,medium,low,6,namecheap,,,14/08/2026 11:40
87ebc082-1c1b-4236-83e7-bbfa22ecbdb6,badness.cat,available,26.98,38.98,medium,low,7,namecheap,,,08/08/2026 07:23
90af435f-2643-48d6-b1d1-0b3627dae52e,motley.cat,available,26.98,38.98,medium,low,6,namecheap,,,07/08/2026 07:29
e35eb668-ccc6-4e6e-a1f5-4a9441168eec,philatelic.cat,available,26.98,38.98,medium,low,10,namecheap,,,08/09/2026 18:49
11a35c86-8794-448d-88c2-127c3ce7a31c,blackening.cat,available,39.99,39.99,medium,low,10,name.com,,,13/08/2026 18:12
7e163d7e-bd4f-4e11-ba44-b8450374ca07,prehensile.cat,available,26.98,38.98,medium,low,10,namecheap,,,07/08/2026 22:14
5f3438c6-f030-4a66-8352-cb52024c0b39,wain.cat,available,26.98,38.98,medium,low,4,namecheap,,,23/09/2026 14:30
0f2307bc-ac45-4564-a853-7b613262e231,demons.cat,available,26.98,38.98,low,low,6,namecheap,,,25/09/2026 21:42
c87d0f5a-b4ee-42b7-8a76-21f08473e04d,informant.cat,available,18.83,25.04,high,low,9,spaceship,,,28/09/2026 14:31
0b75423b-af3a-4c24-8bc8-a5878f8ade26,broadly.cat,available,18.83,25.04,medium,low,7,spaceship,,,28/09/2026 13:32
8f76116a-06ac-4aa0-888b-20b732aef9e7,kindly.cat,available,26.98,38.98,high,low,6,namecheap,,,24/09/2026 22:41
fbe7f911-98b7-4463-ba36-79f154ab9d07,metrics.cat,available,18.83,25.04,high,low,7,spaceship,,,28/09/2026 14:52
f94b9363-19d5-4bbf-b9f2-8ac32a283bca,nutritive.cat,available,26.98,38.98,high,low,9,namecheap,,,08/09/2026 09:04
16b51be0-d620-4164-9950-553d89c14e8e,attlee.cat,available,26.98,38.98,medium,low,6,namecheap,,,16/09/2026 12:16
11967b06-6cf7-4f7f-bb4f-5a5dd5c3edb6,lorry.cat,available,18.47,24.55,high,low,5,dynadot,,,29/09/2026 06:05
a7e5d928-2e76-4265-9c18-d364c7f9c5db,hyaloid.cat,available,26.98,38.98,medium,low,7,namecheap,,,21/08/2026 16:08
41050f4b-652c-4618-8d5c-3ba17cc4639f,swain.cat,available,26.98,38.98,high,low,5,namecheap,,,22/09/2026 21:56
dab3e680-704b-4576-bb58-4155d900a2c0,axil.cat,available,26.98,38.98,high,low,4,namecheap,,,21/09/2026 10:22
5fe69406-40ac-4a74-ad6e-e279709c451d,mode.cat,available,18.83,25.04,high,low,4,spaceship,,,28/09/2026 16:43
6696da90-6437-4da9-8fa5-3a13b122b388,licenced.cat,available,26.98,38.98,medium,low,8,namecheap,,,21/09/2026 15:56
86ddd382-ada7-4e7d-876b-415e2bc9f85d,delia.cat,available,18.48,24.56,medium,low,5,dynadot,,,28/09/2026 21:49
77157a6f-4e49-4f45-964e-6ee305d196ed,chinese.cat,available,26.98,38.98,high,low,7,namecheap,,,12/08/2026 05:43
82b32918-cd92-4cde-8b58-45eb497de77f,purchaser.cat,available,26.98,38.98,high,low,9,namecheap,,,24/09/2026 11:22
bb0d232e-a6c9-4774-a329-9b99861fe245,robber.cat,available,26.98,38.98,medium,low,6,namecheap,,,28/09/2026 10:50
42830cbe-8a15-4e20-a1d7-ab58c3edb3cd,boney.cat,available,26.98,38.98,medium,low,5,namecheap,,,10/08/2026 18:44
9c591d37-58a3-474e-b146-17e10d035ebf,roguish.cat,available,26.98,38.98,medium,low,7,namecheap,,,10/08/2026 11:58
9af2d4d7-6727-42a1-aca1-ce5b9643f2ab,brisk.cat,available,26.98,38.98,high,low,5,namecheap,,,11/08/2026 00:32
b317a39d-18bc-450a-8dfc-c571feb4fa25,unnerving.cat,available,26.98,38.98,high,medium,9,namecheap,,,09/09/2026 12:23
99743441-9b1e-4f55-b5e4-19fc986c51c7,auckland.cat,available,26.98,38.98,high,low,8,namecheap,,,21/09/2026 02:39
e97db41a-9e59-45df-9606-48fcf3c122cd,spiraling.cat,available,26.98,38.98,medium,low,9,namecheap,,,12/08/2026 16:12
8ff0fd63-f380-4e27-a2fa-b82e8b3df66d,owlish.cat,available,26.98,38.98,medium,low,6,namecheap,,,04/09/2026 22:14
3b26345e-cb0b-48ef-95e4-8740f9205dab,futures.cat,available,18.83,25.04,high,low,7,spaceship,,,29/09/2026 16:09
4f47c8a5-4a9d-4182-a500-87c8483738ac,witloof.cat,available,26.98,38.98,medium,low,7,namecheap,,,23/09/2026 05:01
43140a31-1060-4fae-a8fc-2b860426e1d9,enlivened.cat,available,26.98,38.98,high,low,9,namecheap,,,17/08/2026 09:37
0f5f6866-2c18-4161-813e-f02eb8dab9ba,maiden.cat,available,26.98,38.98,high,low,6,namecheap,,,22/08/2026 05:32
0ee44af5-8a3c-4704-9274-7885db200f89,seamy.cat,available,26.98,38.98,medium,low,5,namecheap,,,10/09/2026 00:49
fd94219f-d96a-4f25-aeea-d1971b6c5654,overhang.cat,available,26.98,38.98,medium,low,8,namecheap,,,09/08/2026 08:27
956671d5-2206-4adf-804c-a4969a667856,pains.cat,available,18.83,25.04,high,low,5,spaceship,,,28/09/2026 06:29
f2ba790c-ffe3-4c68-9806-675cf4188260,downwards.cat,available,26.98,38.98,medium,low,9,namecheap,,,14/08/2026 17:16
cacbc8ad-d097-4703-a1d8-adee38e6efc5,majuscule.cat,available,26.98,38.98,medium,low,9,namecheap,,,24/08/2026 13:26
bc4ec588-37ae-4407-a3c6-476f7b67ce5e,hardin.cat,available,18.83,25.04,medium,low,6,spaceship,,,28/09/2026 04:15
69958277-3f13-4878-86d3-79ee4e0b052b,rejects.cat,available,18.83,25.04,low,low,7,spaceship,,,29/09/2026 17:37
fefae8d9-a187-4f20-aa8c-6d9532afe57a,postural.cat,available,26.98,38.98,medium,low,8,namecheap,,,09/09/2026 00:40
0274ba38-72ea-4271-ab80-3bf4c6e5ab80,clanging.cat,available,26.98,38.98,medium,low,8,namecheap,,,12/08/2026 09:31
59ebe416-02d6-4c9f-95c9-929256f58cfe,arizona.cat,available,26.98,38.98,high,low,7,namecheap,,,20/09/2026 06:05
30df4851-4c77-4f08-9685-177346e466f1,biting.cat,available,26.98,38.98,medium,low,6,namecheap,,,08/08/2026 16:41
4424c24d-dd76-424c-b1e6-e87efc2963c5,alternative.cat,available,,,high,low,11,,,,26/09/2026 00:42
1fb60265-3546-44fa-8999-9f3384545424,dallas.cat,available,26.98,38.98,high,low,6,namecheap,,,25/09/2026 04:35
66aa80fc-d987-436f-974d-1cf50ed03d36,blackshirt.cat,available,26.98,38.98,medium,low,10,namecheap,,,24/09/2026 03:05
85926617-af9a-4972-840b-575adc79d669,counsel.cat,available,18.83,25.04,high,low,7,spaceship,,,28/09/2026 01:44
4ec3e340-0fd9-40db-9b97-535f0005cac2,yearlong.cat,available,26.98,38.98,medium,low,8,namecheap,,,13/09/2026 14:24
7190b6fc-e017-40fd-a8c2-03dc059ab4c0,inevitably.cat,available,26.98,38.98,medium,low,10,namecheap,,,15/09/2026 08:09
a97af191-fd6a-4909-a0fb-30ae24f21722,afferent.cat,available,26.98,38.98,high,low,8,namecheap,,,
625cf7fa-38d8-44e4-82e1-eb8f0604f3e0,uncritical.cat,available,26.98,38.98,medium,low,10,namecheap,,,12/09/2026 06:26
c9b8423b-8616-4455-b250-da863c2390ca,academy.cat,resell,,,high,low,7,"Namecheap, Inc.",27/06/2026 15:03,27/06/2027 15:03,26/09/2026 01:19
da2b515c-eb15-4036-a51a-74c3d9f90f49,covers.cat,available,26.98,38.98,high,low,6,namecheap,,,27/09/2026 09:49
bc4f1282-1797-4f9f-8e82-b05a6abae7e3,cohesive.cat,available,26.98,38.98,high,low,8,namecheap,,,12/08/2026 16:05
799930af-75a4-4f74-816e-8eeba6c75dc3,slate.cat,available,18.83,25.04,high,medium,5,spaceship,,,28/09/2026 20:30
177a60ee-7a51-4f10-b6e2-908d5dd58899,khaki.cat,available,26.98,38.98,high,low,5,namecheap,,,22/08/2026 15:47
673e36ec-0fec-43ba-9860-4579d0e33470,abruzzi.cat,available,26.98,38.98,medium,low,7,namecheap,,,16/09/2026 17:28
5ed8b56f-3cf4-44fd-94d4-ced89c6c1686,singly.cat,available,26.98,38.98,medium,low,6,namecheap,,,15/09/2026 08:03
57daca3e-3e1e-44b7-91a7-03f256692e36,dome.cat,available,18.83,25.04,medium,low,4,spaceship,,,29/09/2026 00:15
275d9618-f8ed-4cbe-8545-181c0be1718d,grasping.cat,available,26.98,38.98,medium,low,8,namecheap,,,07/08/2026 22:04
89d7b403-9b4f-4431-ab3c-573f6d4ea746,cascade.cat,available,18.83,25.04,high,medium,7,spaceship,,,30/09/2026 01:01
f24758f7-2534-4f54-aa74-800104941cb9,righted.cat,available,26.98,38.98,medium,low,7,namecheap,,,20/09/2026 15:58
7c06a2e3-22ac-4535-8f72-3bfc3afb2f88,auberge.cat,available,39.99,39.99,medium,low,7,name.com,,,21/09/2026 02:29
105ea65e-ef83-488b-ae11-cbbebd8c385f,details.cat,available,18.83,25.04,high,low,7,spaceship,,,29/09/2026 14:12
7f36871d-b1a2-4bfe-af04-42f63822a408,unpopular.cat,available,26.98,38.98,medium,low,9,namecheap,,,12/09/2026 17:11
daa83b58-694e-4477-867d-fb257d9c1d7e,boldface.cat,available,26.98,38.98,high,low,8,namecheap,,,10/08/2026 17:43
a8524fbd-d35d-4e4c-8205-433a2fe2474a,measurable.cat,available,26.98,38.98,high,low,10,namecheap,,,24/08/2026 18:27
0d03ec47-8c1c-44df-a658-544595433655,elegantly.cat,available,26.98,38.98,medium,low,9,namecheap,,,14/09/2026 15:17
dd83982c-09a2-49b2-92a1-c04315ee5762,monsters.cat,available,26.98,38.98,high,medium,8,namecheap,,,27/09/2026 03:16
39894ce5-0684-4794-b12b-f719e25651f4,sire.cat,available,18.48,24.56,high,low,4,dynadot,,,28/09/2026 14:08
a32e3a2a-79c9-437b-846f-34e16737af6f,lecherous.cat,available,26.98,38.98,medium,low,9,namecheap,,,22/08/2026 22:17
f1a584a8-0eb9-4c93-862e-5741c559c691,grandma.cat,available,18.83,25.04,high,low,7,spaceship,,,29/09/2026 21:15
d6c3aea9-f28c-492b-b96a-5b19646c8b38,unlawful.cat,available,26.98,38.98,medium,low,8,namecheap,,,21/08/2026 19:54
916954c8-c7e6-4586-9d3f-24d5f34525c5,tung.cat,available,26.98,38.98,medium,low,4,namecheap,,,18/09/2026 05:36
476f3280-464d-4e33-a2a8-e931c72ba1ab,infant.cat,available,26.98,38.98,high,low,6,namecheap,,,29/09/2026 00:05
fc01e2cd-8d1b-4c9b-8f65-3de41dff935f,brighter.cat,available,18.83,25.04,high,low,8,spaceship,,,29/09/2026 10:57
87fd0a22-3b20-44ac-bb0a-586b7d640a6b,portrait.cat,available,18.83,25.04,high,low,8,spaceship,,,28/09/2026 02:57
a8d8043c-86f7-4c30-b08b-7fbb7bdaccaa,hardback.cat,available,26.98,38.98,medium,low,8,namecheap,,,21/08/2026 00:40
e779379d-978c-48b2-8309-960a5ecc6524,beadwork.cat,available,26.98,38.98,high,low,8,namecheap,,,22/09/2026 19:29
f258eff4-1185-4a20-8718-a436edb7b2c6,dynastic.cat,available,26.98,38.98,high,low,8,namecheap,,,14/08/2026 21:59
ee840792-d374-4752-8ea0-9d92ff0b91f6,finespun.cat,available,26.98,38.98,medium,low,8,namecheap,,,18/08/2026 04:51
a2a5ebb3-a70c-4c0d-889f-ed6cee32dcd6,amen.cat,available,26.98,38.98,high,low,4,namecheap,,,18/09/2026 18:25
96f8b534-49ae-42c5-a846-0e07d7d2e587,pilgrim.cat,available,18.83,25.04,high,low,7,spaceship,,,28/09/2026 10:43
562a824b-0e1a-4771-92c4-23b929d5db29,bilocation.cat,available,26.98,38.98,medium,low,10,namecheap,,,23/09/2026 16:51
af696369-99f7-420e-953c-4ae99261dfdb,alarmingly.cat,available,26.98,38.98,low,low,10,namecheap,,,13/09/2026 18:33
31522f1b-87e7-4da1-9688-161daec3f6b8,blate.cat,available,26.98,38.98,medium,low,5,namecheap,,,10/08/2026 13:35
a6844439-daab-4b14-a694-f87ba8eba323,trillion.cat,available,26.98,38.98,high,low,8,namecheap,,,11/09/2026 19:49
96e8b506-7ec7-46bc-bddc-52c97f45cd4e,biography.cat,available,26.98,38.98,high,low,9,namecheap,,,23/09/2026 18:09
64c6070c-f987-4d76-aa40-14796089a600,sensors.cat,available,18.83,25.04,medium,low,7,spaceship,,,28/09/2026 09:09
c8196334-2442-45af-a2ff-a510e6ba27a0,anklets.cat,available,26.98,38.98,medium,low,7,namecheap,,,19/09/2026 09:46
75b8f27f-b1a8-4372-b92b-088bc5c5a8b9,spurs.cat,available,18.83,25.04,high,low,5,spaceship,,,29/09/2026 09:52
a9e92abc-9e32-48f7-b62d-16a52f8cd42e,sure.cat,available,26.98,38.98,high,low,4,namecheap,,,24/09/2026 21:05
4418c771-df94-4608-8f26-037cf0802176,are.cat,available,26.98,38.98,high,low,3,namecheap,,,28/09/2026 22:00
e6dc9bee-84dc-49cf-ac0b-638082557c1e,agitation.cat,available,26.98,38.98,medium,low,9,namecheap,,,17/09/2026 18:06
6adde7b7-397c-4013-b612-8c6b16c9f6a2,skeptical.cat,available,26.98,38.98,medium,low,9,namecheap,,,14/08/2026 09:34
3f21820a-eb4d-40d4-85d6-916cae9adc5b,coaster.cat,available,18.48,24.56,high,low,7,dynadot,,,28/09/2026 18:46
5fc83da1-2bf3-4bf8-b8f0-29ef7b95f6b8,describes.cat,available,18.47,24.55,medium,low,9,dynadot,,,29/09/2026 17:07
41afbc2a-d0ec-49c6-a61a-591dfd0f6b83,motel.cat,available,26.98,38.98,high,low,5,namecheap,,,25/09/2026 09:27
25e540ad-75ee-4136-a1e1-105d99964a5c,baklava.cat,available,26.98,38.98,high,low,7,namecheap,,,21/09/2026 20:21
af576f68-179e-4287-a948-4117c3c1832b,unselected.cat,available,26.98,38.98,medium,low,10,namecheap,,,12/09/2026 19:14
1a872200-27fa-4ce1-b408-0196ddfafde9,resistance.cat,available,26.98,38.98,high,low,10,namecheap,,,12/09/2026 07:26
7d229c78-ff3c-4f0b-8321-10ea388197e5,mistake.cat,available,26.98,38.98,high,low,7,namecheap,,,25/09/2026 05:40
9d26f514-9d5a-4666-8087-83d53eba50a3,aliraq.cat,available,26.98,38.98,medium,low,7,namecheap,,,18/09/2026 00:54
f854d959-7f9b-47e2-a886-9b35eb58bbcd,scream.cat,available,18.83,25.04,high,low,6,spaceship,,,27/09/2026 18:35
ddd86210-4f6d-4710-8c04-f3ac3fd231ec,elliott.cat,available,26.98,38.98,high,low,7,namecheap,,,25/09/2026 21:06
758cf4b0-ebdd-4d99-afd5-adea980f250c,verbally.cat,available,26.98,38.98,medium,low,8,namecheap,,,16/09/2026 10:50
a871b8eb-511b-47f0-8223-bb627b79c45f,ossified.cat,available,26.98,38.98,medium,low,8,namecheap,,,18/08/2026 13:15
70c1d764-b33b-4aa8-aed9-716de75a708b,fuscous.cat,available,26.98,38.98,medium,low,7,namecheap,,,18/08/2026 19:02
563f7d68-8d57-47da-955c-7173b04a053f,acceptive.cat,available,26.98,38.98,medium,low,9,namecheap,,,
4daf44fc-08aa-4fde-adb5-64850244199f,saginaw.cat,available,18.83,25.04,high,low,7,spaceship,,,28/09/2026 03:02
07e1b0b9-8912-415e-9e0a-0448f76f009a,uncounted.cat,available,26.98,38.98,medium,low,9,namecheap,,,13/08/2026 03:44
34725bb4-bcff-45c1-a670-17302ace36c3,alluvion.cat,available,26.98,38.98,medium,low,8,namecheap,,,18/09/2026 12:21
ca0857db-54a3-4d78-a926-7c5f4d069da4,sonoma.cat,available,18.5,24.59,high,low,6,dynadot,,,27/09/2026 20:23
143c129e-804e-45bc-9a5e-37e0dc33880c,littler.cat,available,26.98,38.98,medium,low,7,namecheap,,,24/08/2026 07:33
7abbc884-bdf2-4d53-8c58-a3dbcc95a1ff,columbia.cat,available,26.98,38.98,high,medium,8,namecheap,,,29/09/2026 06:57
ab8ff054-0919-4862-a80e-30c39b2f4c8a,acarine.cat,available,26.98,38.98,medium,low,7,namecheap,,,16/09/2026 21:33
360b9c7f-0926-4c7e-9af6-8f533b0922a1,habilitate.cat,available,26.98,38.98,medium,low,10,namecheap,,,19/09/2026 20:06
87feb783-55a1-4048-9276-22b405d83f7c,device.cat,available,18.83,25.04,high,low,6,spaceship,,,28/09/2026 04:21
763b4bcd-c122-444d-b556-169aff6c38ef,acumen.cat,available,26.98,38.98,high,low,6,namecheap,,,17/09/2026 05:39
51c52646-8ada-4001-8548-3bda856c7c17,montfort.cat,available,18.83,25.04,high,low,8,spaceship,,,30/09/2026 01:27
0cea3aeb-5a37-4894-b625-55d197f14e19,stony.cat,available,26.98,38.98,medium,low,5,namecheap,,,10/08/2026 21:45
8ff27512-80bb-4e68-a02a-23581c2d8156,contracted.cat,available,26.98,38.98,high,low,10,namecheap,,,23/09/2026 22:26
fc43631f-4228-4cc9-a561-fb9378c02a3d,knockout.cat,available,18.47,24.55,medium,low,8,dynadot,,,29/09/2026 04:50
eb22aaa3-57ce-4c07-b7c6-510e293c197f,peach.cat,available,26.98,38.98,high,low,5,namecheap,,,22/08/2026 16:45
250c063c-264e-465d-9ac4-040a9dea49a6,skiing.cat,available,18.83,25.04,high,low,6,spaceship,,,28/09/2026 10:57
5f978e52-6e05-4c46-b477-35cebecf4575,annoyed.cat,available,26.98,38.98,medium,low,7,namecheap,,,22/09/2026 05:18
2eaa39ff-618b-49c1-97bc-3bfddc841763,puissant.cat,available,26.98,38.98,medium,low,8,namecheap,,,09/09/2026 05:53
86c508bb-cb35-4a50-847f-1ae66051e861,rhodes.cat,available,18.48,24.56,high,low,6,dynadot,,,28/09/2026 13:40
57b0bdbd-2c08-44bd-8e05-9470b0677633,tested.cat,available,18.83,25.04,high,low,6,spaceship,,,28/09/2026 02:20
5fb1d83c-4703-4972-a856-d996701bded3,theme.cat,available,18.83,25.04,high,low,5,spaceship,,,28/09/2026 01:44
fb839511-7d99-436e-acf1-d836ec1b01ac,barrette.cat,available,26.98,38.98,medium,low,8,namecheap,,,22/09/2026 08:28
a2036b50-a583-4b85-8013-29398c667331,earrings.cat,available,18.83,25.04,medium,low,8,spaceship,,,30/09/2026 00:39
05388aef-8004-4c20-b9ad-ff4e00eeddd8,neuroscience.cat,available,18.83,25.04,high,low,12,spaceship,,,28/09/2026 04:12
1e5c54c3-ae4e-46d4-be43-fde2a1d3fc83,colloquial.cat,available,26.98,38.98,high,low,10,namecheap,,,12/08/2026 17:14
1df4b3ab-56b2-4fda-a5bc-107a9d51a47b,redemptory.cat,available,26.98,38.98,high,medium,10,namecheap,,,09/09/2026 12:20
f3029389-cb93-4f2e-bf2a-106ee3506179,orderly.cat,available,26.98,38.98,high,low,7,namecheap,,,03/09/2026 14:34
c9e52b11-48c4-48a9-a78c-94ef933dbee1,lynne.cat,available,18.83,25.04,medium,low,5,spaceship,,,28/09/2026 08:09
4669b60f-82c6-4252-bd4e-9b505dc6ab5b,comrades.cat,available,18.83,25.04,medium,low,8,spaceship,,,28/09/2026 13:07
2738528c-c5e4-44b1-a085-16ef807ad234,kicks.cat,available,26.98,38.98,high,low,5,namecheap,,,18/09/2026 05:38
2ee22fd4-9640-4a81-8fe3-50e87a2cf5f5,auxin.cat,available,26.98,38.98,medium,low,5,namecheap,,,21/09/2026 08:33
9f145293-bd4a-4c01-9e65-f7033e95400e,fis.cat,available,18.83,25.04,high,low,3,spaceship,,,28/09/2026 03:41
16949f60-16b0-473a-91cb-16edf5526923,bosh.cat,available,26.98,38.98,medium,low,4,namecheap,,,21/09/2026 23:47
6a6d9826-c623-46e7-94a4-f52d124fe499,oriole.cat,available,26.98,38.98,high,low,6,namecheap,,,18/09/2026 20:26
e95e9aa3-afc3-42c7-b6ed-6cf4514d5aff,humber.cat,available,18.47,24.55,high,low,6,dynadot,,,29/09/2026 19:13
817159c2-5448-41c9-978c-0873de4d2a30,cosmogenic.cat,available,26.98,38.98,medium,low,10,namecheap,,,13/08/2026 03:00
c2fa83d3-3bec-4735-b445-a6c7418b3b1a,resupine.cat,available,26.98,38.98,medium,low,8,namecheap,,,09/09/2026 15:30
ccd33cbc-a8c4-4cbc-a50c-f610cde8af67,hung.cat,available,26.98,38.98,medium,low,4,namecheap,,,27/09/2026 08:46
6434fad3-641d-46a6-84e7-2a697d4ca2bd,keeper.cat,available,26.98,38.98,high,low,6,namecheap,,,24/09/2026 20:39
443e5156-e95b-4042-a341-eb75a7a74315,ailanthus.cat,available,26.98,38.98,medium,low,9,namecheap,,,17/09/2026 21:07
ee85f7f4-6433-4a7f-8065-893920bc8b60,none.cat,available,26.98,38.98,high,low,4,namecheap,,,25/09/2026 23:02
ad09d51a-2cf9-4bd4-a37f-74ce555e9a3f,crumb.cat,available,26.98,38.98,medium,low,5,namecheap,,,11/08/2026 09:20
0e9b3262-a589-4a48-acee-c519f6423550,apios.cat,available,26.98,38.98,medium,low,5,namecheap,,,19/09/2026 17:25
748c8234-c6a5-4cdf-9e46-b5968894b86c,cryptic.cat,available,26.98,38.98,high,low,7,namecheap,,,11/08/2026 12:17
9b195065-e0a9-43f1-8c8b-0a8762ca1eb4,pinch.cat,available,18.48,24.56,high,low,5,dynadot,,,28/09/2026 22:16
9ed17804-6157-4f3d-9290-36b660f57f3f,pseudonym.cat,available,26.98,38.98,high,low,9,namecheap,,,19/09/2026 11:33
4f6899d2-cf29-4e55-bcd3-d1261d38e287,abram.cat,available,18.83,25.04,high,low,5,spaceship,,,28/09/2026 15:50
0a57a2a1-ec39-4a77-b5ec-8f7c10cd412d,assumption.cat,available,26.98,38.98,medium,low,10,namecheap,,,20/09/2026 16:39
bbff9178-2ca7-48b8-9233-bf3a040ae7d7,catalogue.cat,available,26.98,38.98,high,low,9,namecheap,,,24/09/2026 13:08
74e98f88-01a1-4c2e-9f8e-b25aba9ac0b0,competitor.cat,available,18.83,25.04,high,low,10,spaceship,,,29/09/2026 06:18
86594edd-9af7-461a-8bb0-8ecaec6ae568,dustbin.cat,available,26.98,38.98,medium,low,7,namecheap,,,20/09/2026 13:42
c67aebee-3a65-41fc-a19c-e96488b6fe9c,leakproof.cat,available,26.98,38.98,medium,low,9,namecheap,,,22/08/2026 21:59
cf00a2ce-8f6e-4453-a894-ba7b9079e6b1,dracula.cat,available,26.98,38.98,high,low,7,namecheap,,,29/09/2026 16:40
c437e14b-43cd-4df8-88f6-b6a4928ec9fc,carlyle.cat,available,18.48,24.56,high,low,7,dynadot,,,28/09/2026 02:01
221a3dc2-0775-4404-9a24-279aa136b2c3,peaceful.cat,available,26.98,38.98,high,low,8,namecheap,,,27/09/2026 03:13
20878bd9-5ec8-42e8-87ca-f4c68bd89c95,irrational.cat,available,26.98,38.98,high,low,10,namecheap,,,25/09/2026 11:23
8e33b517-cbbb-48f6-a55b-df977364255c,variance.cat,available,26.98,38.98,high,low,8,namecheap,,,13/09/2026 01:16
00800e99-2815-40a3-bc43-2a41d6aed004,valentine.cat,available,26.98,38.98,high,low,9,namecheap,,,26/09/2026 00:29
71ca5725-848f-42e5-bf06-99151125604a,passaic.cat,available,18.83,25.04,medium,low,7,spaceship,,,28/09/2026 16:45
b252a990-8fec-4c40-82fb-5fb87e35775a,intestinal.cat,available,26.98,38.98,medium,low,10,namecheap,,,04/09/2026 08:14
d28e3613-518a-438b-878f-d08e2150a6c7,totality.cat,available,26.98,38.98,high,low,8,namecheap,,,
95f67839-eec7-49e7-95f1-40e29c23e1ff,forwards.cat,available,26.98,38.98,high,low,8,namecheap,,,18/08/2026 12:49
5d920966-daae-41ae-acfe-51099fa76146,provided.cat,available,26.98,38.98,medium,low,8,namecheap,,,16/09/2026 09:17
8fd24246-b14e-4d6a-a147-c24b35d4620d,fours.cat,available,26.98,38.98,high,low,5,namecheap,,,20/09/2026 08:08
c2339b54-9d9e-4362-9a4a-6a90800510c5,employer.cat,available,26.98,38.98,high,low,8,namecheap,,,29/09/2026 18:08
bcb2dd28-2872-447d-9a45-b9f9b815ebd4,computerized.cat,available,18.83,25.04,high,low,12,spaceship,,,28/09/2026 02:46
7a70c540-4b50-4ba3-95fe-3187f647992c,regeneration.cat,available,18.83,25.04,high,low,12,spaceship,,,29/09/2026 22:53
d5eb5f32-1edf-4065-8702-8bc841199489,beak.cat,available,26.98,38.98,high,low,4,namecheap,,,22/09/2026 19:41
92492aed-8f99-4d20-a0ea-c449076d9a66,solidified.cat,available,26.98,38.98,medium,low,10,namecheap,,,10/09/2026 13:41
a1290c0e-1b84-44cb-8b9b-0e513697e3f5,constructed.cat,available,26.98,38.98,medium,low,11,namecheap,,,29/09/2026 16:21
123de0ec-d3f1-4151-9443-2ac5807982ad,pellagra.cat,available,39.99,39.99,medium,low,8,name.com,,,18/09/2026 13:55
19f2e1ec-c955-4d3f-a705-6d86081a0c4d,offspring.cat,available,26.98,38.98,high,low,9,namecheap,,,28/09/2026 11:24
ada20c58-aa6a-47f7-b599-7b3acad8ea4b,amah.cat,available,26.98,38.98,medium,low,4,namecheap,,,18/09/2026 15:37
7017add1-37d3-4788-bdaa-1277446955c2,gibbs.cat,available,26.98,38.98,high,low,5,namecheap,,,25/09/2026 06:33
de38f07f-5388-4930-8c7f-93018eeef13b,darkly.cat,available,26.98,38.98,medium,low,6,namecheap,,,14/09/2026 10:39
933ce652-f439-413c-a0b4-23c5f6a43cb2,tubular.cat,available,26.98,38.98,medium,low,7,namecheap,,,11/08/2026 17:14
662f4bc9-a135-48fd-bdbb-13bf85dda3c0,truster.cat,available,26.98,38.98,medium,low,7,namecheap,,,23/09/2026 05:14
6e722ee6-3637-4150-b305-61f9bb5b5ab5,thenar.cat,available,26.98,38.98,medium,low,6,namecheap,,,11/09/2026 12:51
2b91311c-17fd-4370-aa3a-1df5019b308a,oaken.cat,available,26.98,38.98,medium,low,5,namecheap,,,03/09/2026 23:26
6507109b-0f0e-4b80-ad53-6d545fd4863e,barth.cat,available,26.98,38.98,medium,low,5,namecheap,,,22/09/2026 09:03
98ea83b3-cd5b-4d58-9cbe-bd570301b904,shankar.cat,available,26.98,38.98,medium,low,7,namecheap,,,29/09/2026 13:44
d43aa04e-6323-46a1-8178-126e5d7c5c69,campy.cat,available,26.98,38.98,medium,low,5,namecheap,,,11/08/2026 15:48
f00525ac-6ecc-4ad2-a141-5ef827af3478,take.cat,available,18.83,25.04,high,low,4,spaceship,,,27/09/2026 19:44
beca422d-742b-47db-8c6e-fc03662dc4ee,victorian.cat,available,26.98,38.98,high,low,9,namecheap,,,27/09/2026 05:38
9f4755af-520f-4ee5-9594-f8f74f9fc319,bluster.cat,available,26.98,38.98,medium,low,7,namecheap,,,11/08/2026 01:07
c90f613f-818e-4674-a021-348491eb9110,travels.cat,available,26.98,38.98,high,low,7,namecheap,,,17/09/2026 06:44
3fd9f2e4-9acf-482e-92fd-b94b87f17401,sneezes.cat,available,39.99,39.99,medium,low,7,name.com,,,20/09/2026 09:46
dcd745fd-1edf-48c1-9103-9c90feb91ee8,guadalajara.cat,available,18.83,25.04,high,low,11,spaceship,,,28/09/2026 07:53
0b9f0b5d-0352-425e-9d4e-ba621febe370,winfred.cat,available,26.98,38.98,medium,low,7,namecheap,,,19/09/2026 19:23
17d12e75-660b-45be-98ba-afc7be967cf3,anxiously.cat,available,26.98,38.98,medium,low,9,namecheap,,,13/09/2026 20:05
8980557c-e451-44da-9a14-746049bc4b0a,prate.cat,available,26.98,38.98,medium,low,5,namecheap,,,23/09/2026 23:29
1e42b7f8-4559-4550-9f92-c7c50a5c69d0,teenager.cat,available,26.98,38.98,high,low,8,namecheap,,,21/09/2026 19:08
227e491d-af4a-4fb9-9e57-824828ca0c53,mordant.cat,available,26.98,38.98,high,low,7,namecheap,,,13/08/2026 02:11
a15460ce-968a-4d14-874e-ac334be6fa43,marital.cat,available,26.98,38.98,high,low,7,namecheap,,,24/08/2026 15:56
ee2eb1da-39f6-48a9-be89-0552c48a69c6,nation.cat,available,18.83,25.04,high,low,6,spaceship,,,29/09/2026 03:15
2b57f1ff-5df8-4958-b6c7-9ae155713390,prudishly.cat,available,26.98,38.98,medium,low,9,namecheap,,,15/09/2026 21:53
87844852-f0d6-4bde-8125-8fc4134fccf7,dealer.cat,available,26.98,38.98,high,low,6,namecheap,,,22/09/2026 05:35
739ab18d-0877-45c7-986b-9e05919f4ba6,davy.cat,available,18.83,25.04,high,low,4,spaceship,,,29/09/2026 12:01
8887adea-7e1e-4a73-9059-9982a3c0ebed,starve.cat,available,18.83,25.04,medium,low,6,spaceship,,,28/09/2026 19:47
a27c81c7-8aee-49c9-85e7-0d6c535f735f,booty.cat,available,18.83,25.04,high,low,5,spaceship,,,29/09/2026 11:44
1d96cc5b-9bbe-45ba-9e8e-2d7554b24147,scully.cat,available,18.83,25.04,high,low,6,spaceship,,,28/09/2026 11:43
c64de946-8a06-4266-8338-10614709d36e,ragee.cat,available,26.98,38.98,medium,low,5,namecheap,,,17/09/2026 15:18
b1d667c1-3ce5-418e-a9a9-7149c4eb3d3e,akha.cat,available,26.98,38.98,medium,low,4,namecheap,,,17/09/2026 23:55
301c0d41-02b4-43a8-aaf8-0e903f7b204e,outcast.cat,available,26.98,38.98,high,low,7,namecheap,,,18/08/2026 15:35
5bbff05c-dab6-47ce-bf33-22cc9c510d4d,presidency.cat,available,18.83,25.04,high,low,10,spaceship,,,29/09/2026 13:43
bd31d60d-24ec-4f2a-bfc3-b0a6387eb4fd,lohan.cat,available,26.98,38.98,medium,low,5,namecheap,,,20/09/2026 05:07
aa091dc8-582d-4997-9132-a3e6ebe5cf76,himmler.cat,available,18.83,25.04,high,low,7,spaceship,,,29/09/2026 13:01
cb50264a-76f1-4e6c-8f08-648b1a498651,yobbo.cat,available,26.98,38.98,medium,low,5,namecheap,,,11/08/2026 08:50
8731405f-e907-4cef-88ff-5e9bbaf64192,ghz.cat,available,18.5,24.59,high,low,3,dynadot,,,27/09/2026 13:41
d7c7ab92-3cb3-432e-a47c-bc0d3e6c29a3,contextual.cat,available,26.98,38.98,high,low,10,namecheap,,,12/08/2026 23:13
4a962b47-2ab2-438c-9d9c-d6a26be89a00,cohort.cat,available,26.98,38.98,high,low,6,namecheap,,,17/09/2026 16:45
138cd68e-30eb-4b5f-b634-b2adc4fa99d4,contend.cat,available,18.83,25.04,high,low,7,spaceship,,,29/09/2026 11:25
c4d581b8-4f80-4e09-a800-587eac11291a,injure.cat,available,18.83,25.04,medium,low,6,spaceship,,,28/09/2026 11:07
331c3709-6670-40fc-b37b-9bd37d8f27f7,anethum.cat,available,26.98,38.98,medium,low,7,namecheap,,,19/09/2026 05:35
2b3efdbb-7c72-490f-8f17-69e2ce82deae,buren.cat,available,18.83,25.04,medium,low,5,spaceship,,,27/09/2026 20:26
b9ce0457-07c8-4b01-973c-ea9afb732745,priceless.cat,available,26.98,38.98,high,medium,9,namecheap,,,25/09/2026 11:03
7149e8dc-b511-46a2-ae75-dc3bcb74776a,melancholy.cat,available,26.98,38.98,high,low,10,namecheap,,,25/09/2026 19:05
9b9e6e1d-cb90-4a48-b6bb-006980b74f8f,jiang.cat,available,26.98,38.98,high,low,5,namecheap,,,27/09/2026 08:14
271cfd63-ad43-4687-9f31-6a438c2d5607,culinary.cat,available,26.98,38.98,high,low,8,namecheap,,,19/09/2026 15:04
2e5722c6-8478-4066-9b86-5b205f3264fc,chf.cat,available,18.83,25.04,medium,low,3,spaceship,,,29/09/2026 04:56
f7fd0b60-35c2-4c36-b000-e1679176f00e,vitally.cat,available,26.98,38.98,medium,low,7,namecheap,,,16/09/2026 11:05
7dac626a-fa50-42d9-b437-d1f992ccf287,blattodea.cat,available,26.98,38.98,medium,low,9,namecheap,,,24/09/2026 04:54
817267ab-2a61-4176-b60f-2091bde11bf8,jasmine.cat,available,26.98,38.98,high,low,7,namecheap,,,08/09/2026 14:04
89740049-44a5-4afc-af38-fd61181fabec,ergonomics.cat,available,26.98,38.98,high,low,10,namecheap,,,23/09/2026 17:53
aa9b026b-ae66-49cf-b260-f8f267f96964,anthony.cat,available,26.98,38.98,high,low,7,namecheap,,,19/09/2026 13:34
4c5c7787-e50e-4bb3-a022-6243eceff4bf,peripheral.cat,available,26.98,38.98,high,low,10,namecheap,,,08/09/2026 17:14
d43a26bd-4f61-4c22-9e36-78e3c83d2ee6,buddhist.cat,available,26.98,38.98,high,low,8,namecheap,,,11/08/2026 07:39
b56a2d49-30c9-431f-ac6c-6e0625d6ad8c,pear.cat,available,18.83,25.04,high,low,4,spaceship,,,29/09/2026 19:55
d0ca14d6-2c91-4d89-8ece-74ae64d0012f,subdue.cat,available,26.98,38.98,high,low,6,namecheap,,,11/09/2026 07:44
f4ec8007-ad20-4922-95b2-04100ed421d2,summon.cat,available,18.83,25.04,high,low,6,spaceship,,,29/09/2026 01:42
cc0bf9d3-11fb-4a11-81c2-b0774a626ad9,affaire.cat,available,26.98,38.98,medium,low,7,namecheap,,,17/09/2026 14:00
22c3f961-15e9-4130-8013-094dbcbe6570,bahaism.cat,available,26.98,38.98,medium,low,7,namecheap,,,21/09/2026 18:33
e414a586-2be6-4b50-bd90-e24abab5bce4,societal.cat,available,26.98,38.98,high,medium,8,namecheap,,,10/09/2026 13:11
4e18f3f2-4a58-4594-bf70-b4bcbd21d86b,pintail.cat,available,26.98,38.98,medium,low,7,namecheap,,,19/09/2026 02:52
8bc4f652-4f15-4bb8-9aa0-fb43491e7376,knox.cat,available,18.83,25.04,high,low,4,spaceship,,,28/09/2026 06:06
42714999-eaee-4fc8-84af-d05bb3043835,gull.cat,available,26.98,38.98,high,low,4,namecheap,,,12/08/2026 15:08
a3e9a71e-15e0-4e81-b598-b3102fcd953f,lungs.cat,available,26.98,38.98,medium,low,5,namecheap,,,27/09/2026 02:43
a0712e5e-3267-4fa2-b14e-f9bb1b4c0515,logically.cat,available,26.98,38.98,high,low,9,namecheap,,,15/09/2026 12:41
e53d8641-3dd8-44b4-b695-3f895706703c,impeccable.cat,available,26.98,38.98,high,low,10,namecheap,,,18/08/2026 00:09
15a2aa08-630b-497f-91a6-2bc885cc8443,baseboard.cat,available,26.98,38.98,medium,low,9,namecheap,,,22/09/2026 10:08
6e38558f-4ef6-4481-82b7-ee9ec88df6b7,stealthily.cat,available,26.98,38.98,medium,low,10,namecheap,,,16/09/2026 06:59
9e6929ea-798d-4d21-b2fa-279f8c7c72f3,affined.cat,available,26.98,38.98,medium,low,7,namecheap,,,
f0901870-51ff-425d-a01b-198e2d499773,farms.cat,available,26.98,38.98,medium,low,5,namecheap,,,19/09/2026 00:44
8d80c51a-fdca-4b5d-ab80-1ebd58272625,relevantly.cat,available,26.98,38.98,medium,low,10,namecheap,,,15/09/2026 22:59
8b41cb2c-c538-4900-a2e7-4422af19edd4,halt.cat,available,26.98,38.98,high,low,4,namecheap,,,24/09/2026 01:49
5025ca80-ecb7-4658-9fc5-511d619dcb52,leading.cat,available,18.83,25.04,high,low,7,spaceship,,,28/09/2026 23:25
89cb6136-9663-4ed5-b922-d8a4b0245ea6,goldbrick.cat,available,26.98,38.98,medium,low,9,namecheap,,,20/08/2026 16:29
4b803f87-88a2-4b28-9d15-73bbd7820266,mousy.cat,available,26.98,38.98,medium,low,5,namecheap,,,25/08/2026 08:42
31d7a2c5-020c-4976-b221-b3629c7b4547,pawtucket.cat,available,18.83,25.04,high,low,9,spaceship,,,29/09/2026 15:45
9a81b8e5-aa4c-46d2-b4c4-c7f8a2e46a53,mingle.cat,available,26.98,38.98,high,low,6,namecheap,,,22/09/2026 03:11
dcc10cdd-e97c-459a-9409-a7d3c9fcbc32,stalked.cat,available,26.98,38.98,medium,low,7,namecheap,,,08/09/2026 13:33
c63b9cfd-ecf8-41a5-8df6-a0f8bc10b9ce,shitty.cat,available,26.98,38.98,high,low,6,namecheap,,,13/08/2026 05:14
d2d89721-f5da-426a-afe4-0f566ca41363,plymouth.cat,available,18.83,25.04,high,low,8,spaceship,,,29/09/2026 13:43
6e1a00ba-230f-4f8a-b3a7-76cea92b4e6e,discovering.cat,available,18.83,25.04,medium,low,11,spaceship,,,29/09/2026 10:28
f8033672-618f-41ce-9ce7-5fcccc1f4cc9,sorrowful.cat,available,26.98,38.98,medium,low,9,namecheap,,,10/09/2026 14:37
47918e53-99cf-4f84-92a9-623173d71df9,stir.cat,available,26.98,38.98,high,low,4,namecheap,,,17/09/2026 09:23
59a4d5f4-cf11-4b2d-96f0-d6bea280fac6,prefatory.cat,available,26.98,38.98,high,medium,9,namecheap,,,09/09/2026 01:35
49eabcc5-b875-41e1-9f3b-fd808a570818,constellation.cat,available,18.83,25.04,high,low,13,spaceship,,,29/09/2026 20:52
85d4bc9c-eceb-47d0-a847-15e6cba4932e,annam.cat,available,26.98,38.98,medium,low,5,namecheap,,,19/09/2026 10:09
bdae1c94-b8d1-4c96-88ad-985a2dd83fcc,impossibly.cat,available,26.98,38.98,medium,low,10,namecheap,,,15/09/2026 04:27
06964819-19b3-44be-8578-927d4bc3da65,hidebound.cat,available,26.98,38.98,medium,low,9,namecheap,,,21/08/2026 08:11
6eaa09a3-cf07-444e-adcb-0759ca825725,spaceman.cat,available,26.98,38.98,high,low,8,namecheap,,,20/09/2026 17:58
8d9be38c-c27b-4b98-be21-9ee335c76309,capacity.cat,available,26.98,38.98,high,low,8,namecheap,,,24/09/2026 12:12
52dc43e4-6ba1-4cb9-89d3-8b44f24c1e37,everyplace.cat,available,26.98,38.98,medium,low,10,namecheap,,,14/09/2026 16:38
2e2e00e3-6291-4742-afef-209b6f955f4b,middleton.cat,available,26.98,38.98,high,low,9,namecheap,,,25/09/2026 09:23
c2b26570-2dc4-41ca-b10d-62792517de33,underling.cat,available,26.98,38.98,medium,low,9,namecheap,,,11/09/2026 00:39
fc0fab61-069b-4d4b-bf5a-39b6a368ab7f,difficulty.cat,available,18.83,25.04,high,low,10,spaceship,,,29/09/2026 14:54
5d80692a-6cc6-480a-a4b2-0ceaf8ae5ba8,banker.cat,available,26.98,38.98,high,low,6,namecheap,,,22/09/2026 02:46
49fa5a50-1e30-41b9-af28-5e115cc28450,idler.cat,available,26.98,38.98,medium,low,5,namecheap,,,14/08/2026 14:10
55873135-d311-4958-ae70-186eccc43664,turbulence.cat,available,18.83,25.04,high,low,10,spaceship,,,29/09/2026 08:09
1e279412-680b-4b54-91f7-e968abf86be2,singer.cat,available,26.98,38.98,high,low,6,namecheap,,,25/09/2026 23:13
5cb4243b-2cde-4c37-97a0-f74eb1c1821b,estimates.cat,available,26.98,38.98,medium,low,9,namecheap,,,20/09/2026 04:10
107f4542-ea8c-4020-b0e7-58cec7ab6062,joliet.cat,available,18.83,25.04,medium,low,6,spaceship,,,29/09/2026 01:26
d5d5613e-ae3c-4a78-a222-98c8974cdb65,grasp.cat,available,26.98,38.98,high,low,5,namecheap,,,19/09/2026 22:13
f8cb3003-9237-4f43-917e-dd6c919b9a22,smile.cat,available,18.83,25.04,high,medium,5,spaceship,,,27/09/2026 22:59
1ec2b1b5-faef-4b3a-a7bb-ebce510a9c02,isothermic.cat,available,26.98,38.98,medium,low,10,namecheap,,,22/08/2026 11:24
826803ca-ceab-4a78-9f20-2100782826c0,moderately.cat,available,39.99,39.99,medium,low,10,name.com,,,25/09/2026 12:00
8afe4dae-d253-4100-a95c-dc971430b98c,effeminate.cat,available,26.98,38.98,high,low,10,namecheap,,,12/08/2026 08:34
5a7ba122-ee37-4e3b-a5fe-fade1783f502,amide.cat,available,26.98,38.98,high,low,5,namecheap,,,18/09/2026 21:35
4ee3ff91-f3b6-4b1d-8e7c-6c49d45d30ef,weiss.cat,available,26.98,38.98,high,low,5,namecheap,,,25/09/2026 15:49
3772282c-a741-4eeb-abbb-d1bb0dbb9821,adiantum.cat,available,26.98,38.98,medium,low,8,namecheap,,,17/09/2026 08:05
4832eb90-6f5f-4520-a3e1-7d3482623d24,tents.cat,available,18.83,25.04,medium,low,5,spaceship,,,29/09/2026 16:28
10207e0c-8d2a-4172-9b48-dce825b9d576,aileron.cat,available,26.98,38.98,medium,low,7,namecheap,,,17/09/2026 21:10
3413597d-5ec7-4a42-bd04-994d66ce832d,bloomington.cat,available,26.98,38.98,medium,low,11,namecheap,,,27/09/2026 08:15
d78e35f2-0655-45df-9371-2d586fbdf3e3,correctly.cat,available,26.98,38.98,high,low,9,namecheap,,,13/09/2026 20:47
40c2a7f6-e55b-4001-8518-ed2bbe34cb37,determined.cat,available,26.98,38.98,high,low,10,namecheap,,,24/09/2026 07:38
4e98b356-8821-434c-9bf9-04bd73f63ea4,winthrop.cat,available,18.83,25.04,high,low,8,spaceship,,,27/09/2026 19:50
fc11d742-8ce8-4558-9570-3be3a59c5a51,afterlife.cat,available,26.98,38.98,high,low,9,namecheap,,,15/09/2026 00:23
c13e02db-8b04-427b-bb64-593fef702cf3,scriabin.cat,available,26.98,38.98,high,low,8,namecheap,,,18/09/2026 05:07
298c3310-68ed-40f9-978c-7d020f4d2d0c,lincoln.cat,available,26.98,38.98,high,medium,7,namecheap,,,16/09/2026 16:51
2a458248-d20a-4e9b-bbb7-e9b19230b2e2,pilgrims.cat,available,18.47,24.55,medium,low,8,dynadot,,,29/09/2026 11:05
d64f5726-9625-405f-9b92-772e5a22517d,greenish.cat,available,39.99,39.99,medium,low,8,name.com,,,13/08/2026 18:01
4c7286d8-d7cf-40cb-8e02-7c7d836014d3,scanning.cat,available,26.98,38.98,high,low,8,namecheap,,,28/09/2026 15:18
597fc4c6-6999-4576-afcf-d8178a15686b,aramean.cat,available,26.98,38.98,high,low,7,namecheap,,,06/08/2026 12:02
e7c8edb9-7240-4edd-9c43-87ab4237d21a,incorporate.cat,available,18.83,25.04,high,low,11,spaceship,,,29/09/2026 02:35
efdf467c-1973-4201-9ed7-5210bba5c13b,chemotherapy.cat,available,18.83,25.04,medium,low,12,spaceship,,,29/09/2026 16:06
57e78da2-e417-46eb-9edf-08caa5d9fa0a,paranoiac.cat,available,26.98,38.98,medium,low,9,namecheap,,,08/09/2026 01:08
33fd838f-6f51-4d97-9840-66f11d569ff4,shrimp.cat,available,18.47,24.55,high,low,6,dynadot,,,29/09/2026 22:02
7ecad5ee-24af-402c-84b7-3a34aa630ae9,minacious.cat,available,26.98,38.98,low,low,9,namecheap,,,24/08/2026 19:57
64a2b9a9-5203-4bde-8090-b8158ca6aebb,frans.cat,available,18.83,25.04,high,low,5,spaceship,,,29/09/2026 10:53
167ed158-9e26-4cd9-9ae8-6dc682271216,bahraini.cat,available,26.98,38.98,high,low,8,namecheap,,,08/08/2026 08:36
a00911e6-6d35-4ab6-9c6d-dc6c84f9d143,supposed.cat,available,26.98,38.98,high,low,8,namecheap,,,23/09/2026 20:34
b975e90c-7b1e-497b-8d70-1cea885fa913,watts.cat,available,18.83,25.04,high,medium,5,spaceship,,,29/09/2026 19:22
5beafe87-dc2c-454d-8a6c-0a35116d150b,recruit.cat,available,18.48,24.56,high,low,7,dynadot,,,28/09/2026 14:02
632e06e8-7d25-4416-a78f-025aa67f6f1d,oxalis.cat,available,26.98,38.98,medium,low,6,namecheap,,,10/09/2026 14:35
a3d3e2e5-6ca7-4e83-bd90-494b8d1bcbe5,risible.cat,available,26.98,38.98,medium,low,7,namecheap,,,12/08/2026 19:02
4373f0fb-6e9c-4d89-8dec-a8cc336cb375,unfocused.cat,available,26.98,38.98,medium,low,9,namecheap,,,12/09/2026 10:32
910249bc-3013-4444-9e31-060f15360562,customers.cat,available,26.98,38.98,high,low,9,namecheap,,,25/09/2026 17:13
2b047935-ba6a-4ea0-bb3e-9cd192f29d63,craftsman.cat,available,26.98,38.98,high,low,9,namecheap,,,20/09/2026 11:49
a95c70ae-d954-4472-81ee-60fa2a15e60d,argot.cat,available,26.98,38.98,high,low,5,namecheap,,,13/09/2026 04:14
28e881f4-cf0f-4c99-830a-bbd9fc3d9780,branson.cat,available,18.83,25.04,high,low,7,spaceship,,,29/09/2026 17:54
6de311dd-36e0-4cb5-aaf5-8d734b2816fb,commodious.cat,available,26.98,38.98,medium,low,10,namecheap,,,12/08/2026 19:10
c12d3181-e493-4b56-a011-df78364d1d40,airlift.cat,available,26.98,38.98,high,low,7,namecheap,,,17/09/2026 23:13
634c2aa5-9db3-4bac-afcd-67f211d444a4,pepperidge.cat,available,26.98,38.98,medium,low,10,namecheap,,,24/09/2026 00:49
d43ca4e8-4dc5-4f0f-b2ba-c3bc123e8759,foldaway.cat,available,26.98,38.98,medium,low,8,namecheap,,,18/08/2026 10:07
e47ea5ae-f6fb-439e-9e52-e90304ada811,barefoot.cat,available,26.98,38.98,medium,low,8,namecheap,,,08/08/2026 18:54
52723613-e905-4f54-83ab-f488fb487972,sere.cat,available,26.98,38.98,medium,low,4,namecheap,,,14/08/2026 19:03
099f0796-5e76-4849-b138-e8861a5bd02e,commission.cat,available,18.83,25.04,high,low,10,spaceship,,,29/09/2026 10:22
5612c337-85ca-4ce7-ba63-3d2f3e095c5b,delusive.cat,available,26.98,38.98,medium,low,8,namecheap,,,14/08/2026 00:53
ca25c777-8111-4c0a-acd2-1048212fafc1,biological.cat,available,39.99,39.99,high,low,10,name.com,,,22/09/2026 20:55
1a63f94d-b84e-437e-b0be-49ff88c8d979,dependency.cat,available,26.98,38.98,medium,low,10,namecheap,,,17/09/2026 06:56
0bd39078-9cbf-4434-b685-aabaa97c357d,osmotic.cat,available,26.98,38.98,medium,low,7,namecheap,,,04/09/2026 18:15
a74b63e2-4d84-4262-884a-7361d6a12034,pubescent.cat,available,26.98,38.98,medium,low,9,namecheap,,,09/09/2026 05:15
9bfc452d-9cc1-4bf2-91d7-e2775f5ce5ec,summers.cat,available,18.47,24.55,medium,low,7,dynadot,,,29/09/2026 05:53
ca92e40b-baf5-4810-ab51-92b9a8b009c7,censure.cat,available,26.98,38.98,medium,low,7,namecheap,,,19/09/2026 08:29
c7a62a0d-49b3-4cd7-a0f9-2c9f79eeb16a,elevated.cat,available,26.98,38.98,high,low,8,namecheap,,,16/08/2026 03:35
5b62b272-affc-4922-9c98-a08ab0e0fd12,yemeni.cat,available,26.98,38.98,high,low,6,namecheap,,,13/09/2026 14:34
4f51c258-7a9f-43fa-a7ac-1497bf3e813e,lxxiv.cat,available,26.98,38.98,medium,low,5,namecheap,,,
484e553a-c9aa-4f55-ba10-80770f5f5997,brimming.cat,available,26.98,38.98,medium,low,8,namecheap,,,11/08/2026 04:12
5bae7f62-dcdb-47f8-a200-bac8f8194111,agaragar.cat,available,39.99,39.99,medium,low,9,name.com,,,17/09/2026 16:15
9e983ba5-0644-40a5-9a53-bc54fcb0f70b,hammer.cat,available,18.83,25.04,high,low,6,spaceship,,,29/09/2026 19:53
d15aea38-595c-4fc7-ad5e-95d99ed826b4,husband.cat,available,18.47,24.55,high,low,7,dynadot,,,29/09/2026 23:14
b6e85698-4a92-4fda-a629-eaeba057420d,intervene.cat,available,18.83,25.04,high,low,9,spaceship,,,29/09/2026 08:23
37810216-ee52-4774-81dc-4a5a100a6a33,harmonised.cat,available,26.98,38.98,high,low,10,namecheap,,,12/08/2026 22:52
5b7525cb-e94d-4334-8a18-937b18627224,festal.cat,available,26.98,38.98,high,low,6,namecheap,,,18/08/2026 02:13
d4dcd122-7f0b-4d0d-bec7-11f4f0ed64bd,ecstasy.cat,available,26.98,38.98,high,low,7,namecheap,,,29/09/2026 12:00
0df36fa9-c7b3-4376-b751-9644257bedc2,ariadne.cat,available,26.98,38.98,high,low,7,namecheap,,,20/09/2026 05:09
9cc20c1b-d6dc-412b-89b9-46b580f603e2,dozen.cat,available,26.98,38.98,high,low,5,namecheap,,,21/09/2026 11:29
826b2cb5-36db-4b26-b899-eb066d89e846,koranic.cat,available,26.98,38.98,medium,low,7,namecheap,,,22/08/2026 16:59
545e2403-27d1-4c70-8339-baa24baefb21,octet.cat,available,26.98,38.98,high,low,5,namecheap,,,
d1fcef2d-cec8-4aa1-aa45-02078d21d1d0,agilely.cat,available,26.98,38.98,medium,low,7,namecheap,,,13/09/2026 18:16
5e5bd4a0-cb91-4ba7-8b59-737cba8d67e2,raving.cat,available,26.98,38.98,high,low,6,namecheap,,,15/09/2026 22:43
325c62fe-35c5-4d90-a189-8b7c63aa8b09,showtime.cat,available,18.83,25.04,high,medium,8,spaceship,,,29/09/2026 18:25
9a79f225-0704-4451-b8c7-3387f2223de3,affixed.cat,available,26.98,38.98,medium,low,7,namecheap,,,
f94c5b3d-cf03-48e9-bb16-e63ad66c4e1d,leadplant.cat,available,26.98,38.98,medium,low,9,namecheap,,,18/09/2026 22:45
6de938f2-498e-45a8-b3c9-edfa29105829,untainted.cat,available,26.98,38.98,medium,low,9,namecheap,,,10/09/2026 18:22
2848aafb-2b8d-4ec5-abbf-f306e0f4d42a,facilitation.cat,available,26.98,38.98,high,low,12,namecheap,,,17/09/2026 01:02
25401b36-b892-4a79-bc03-b829ba02ecee,dare.cat,available,39.99,39.99,high,low,4,name.com,,,13/08/2026 17:51
620ca4cd-1d76-4f3b-a092-7b1153ddd15e,informers.cat,available,26.98,38.98,medium,low,9,namecheap,,,21/09/2026 09:19
ff135589-79fc-406f-bff1-643894ccf251,holder.cat,available,18.83,25.04,high,low,6,spaceship,,,29/09/2026 22:53
b580f727-458f-47fe-85e0-c7f48e13de4b,forty.cat,available,26.98,38.98,high,low,5,namecheap,,,
c70ca8dc-4be7-4812-aca8-9fa52b5c09e3,pronghorn.cat,available,26.98,38.98,medium,low,9,namecheap,,,18/09/2026 19:07
8178f37a-a3f7-4638-83db-6af99e24b9e3,pantheist.cat,available,26.98,38.98,medium,low,9,namecheap,,,05/09/2026 01:06
b3d8921f-377b-407c-8ac7-6e8161db7880,phantasmal.cat,available,26.98,38.98,medium,low,10,namecheap,,,06/08/2026 05:33
2c255f57-60c1-4af0-8aee-bc409b8ea1aa,plumbers.cat,available,26.98,38.98,medium,low,8,namecheap,,,20/09/2026 11:13
309ac144-13b6-4b51-9fdc-877d8cb07fc1,diagonal.cat,available,26.98,38.98,medium,low,8,namecheap,,,07/08/2026 04:07
bc89b485-9224-4042-b836-309d02cd15c4,opaque.cat,available,26.98,38.98,high,low,6,namecheap,,,04/09/2026 15:47
42a61232-2fef-45f0-88ee-94756ac37fcb,baddie.cat,available,26.98,38.98,medium,low,6,namecheap,,,21/09/2026 16:59
d2111f6b-42a5-4a02-ad78-08616632e2ac,myoid.cat,available,26.98,38.98,low,low,5,namecheap,,,03/09/2026 12:10
f1f6959b-a3cd-416c-a62c-c93d4834f05f,graciously.cat,available,26.98,38.98,high,low,10,namecheap,,,14/09/2026 21:58
da6cd842-ae6b-498c-869c-3f3fc610d510,hunan.cat,available,18.83,25.04,medium,low,5,spaceship,,,28/09/2026 10:07
04aad5a5-098d-4392-8655-c324ae41ad3c,valueless.cat,available,26.98,38.98,medium,low,9,namecheap,,,13/09/2026 01:01
77808b97-d8f3-44c9-8527-aa1c0b2b3105,alpinist.cat,available,26.98,38.98,medium,low,8,namecheap,,,18/09/2026 14:06
a178a3d8-4f5b-4334-84ab-a24aa9edd7e3,outsized.cat,available,26.98,38.98,medium,low,8,namecheap,,,04/09/2026 19:40
7e66afc2-264b-4865-a119-acaf4992f299,walton.cat,available,26.98,38.98,high,low,6,namecheap,,,25/09/2026 05:07
7a857ca3-470a-4cee-9b92-826b8a6f41e0,cagy.cat,available,26.98,38.98,medium,low,4,namecheap,,,11/08/2026 13:21
a0790bab-99b1-4521-ae41-b706ddb01c18,officials.cat,available,26.98,38.98,medium,low,9,namecheap,,,17/09/2026 12:28
06717b14-0a3e-4218-8b17-449bb55a39a2,obtuse.cat,available,26.98,38.98,medium,low,6,namecheap,,,24/09/2026 12:17
d3c01c80-327e-452d-9374-bd5ae3b38b9a,frail.cat,available,26.98,38.98,high,low,5,namecheap,,,18/08/2026 13:59
fb7546ef-50e8-49e9-8957-7bcef2733a17,portion.cat,available,26.98,38.98,high,low,7,namecheap,,,15/09/2026 19:05
bee6f8b1-cac7-4dad-87d2-64bde1784b15,alfatah.cat,available,26.98,38.98,medium,low,8,namecheap,,,18/09/2026 00:22
04511540-71d0-4439-97a7-233ff43192f3,macaulay.cat,available,18.83,25.04,medium,low,8,spaceship,,,28/09/2026 14:12
070f32fd-1a74-43ca-9886-1b5dce43d460,gaba.cat,available,18.83,25.04,high,low,4,spaceship,,,29/09/2026 12:26
3284a5b8-0e6f-4892-a2e3-5eab88e0899b,resting.cat,available,18.83,25.04,high,low,7,spaceship,,,28/09/2026 04:49
a93b8757-add6-4d71-976c-b3134054d8f9,ancylus.cat,available,26.98,38.98,medium,low,7,namecheap,,,19/09/2026 03:54
634bcaea-1fb4-4128-bad8-8af62b654a29,shrill.cat,available,26.98,38.98,high,medium,6,namecheap,,,10/09/2026 06:54
7a4387a1-a520-4758-9852-4bc167c2e799,promised.cat,available,26.98,38.98,high,low,8,namecheap,,,17/09/2026 11:24
4b20fa1c-af76-4602-871d-8c4c3eb53642,chapped.cat,available,26.98,38.98,medium,low,7,namecheap,,,12/08/2026 02:20
828809ec-0bd0-43b0-ad4b-c66adb3341af,quotidian.cat,available,26.98,38.98,medium,low,9,namecheap,,,17/08/2026 14:57
4af176ba-9364-4437-9185-ea5468c0a0fa,beethoven.cat,available,26.98,38.98,high,low,9,namecheap,,,23/09/2026 01:53
18f38202-18c0-40a5-bf3f-623b0afeda6b,qualifying.cat,available,26.98,38.98,high,low,10,namecheap,,,23/08/2026 12:37
622bc66e-ec51-4d3b-bcc6-82e4ff1e3ef6,pulpy.cat,available,26.98,38.98,high,medium,5,namecheap,,,09/09/2026 05:57
3c3344e8-50c1-4fb9-ab7b-207daa3c790e,mythologic.cat,available,26.98,38.98,medium,low,10,namecheap,,,03/09/2026 12:33
86d14344-0c23-4f25-af09-2c85e6f2f180,pokey.cat,available,26.98,38.98,medium,low,5,namecheap,,,14/08/2026 07:36
9ce93315-4ef4-43f2-bfbd-783b3a22a4be,deteriorating.cat,available,18.83,25.04,medium,low,13,spaceship,,,29/09/2026 20:55
ba00fd85-b63f-4cad-a4d9-e5c83d5f1930,cellular.cat,available,26.98,38.98,high,low,8,namecheap,,,11/08/2026 23:32
16e03997-4145-4871-b6b2-b557af76d474,slav.cat,available,26.98,38.98,high,low,4,namecheap,,,10/09/2026 10:28
5b12054d-acd3-4cde-b041-39e065d0e1a5,insomniac.cat,available,26.98,38.98,high,low,9,namecheap,,,22/08/2026 07:22
31174ebc-fa82-47a8-9dab-a5d7fb7ffb73,katharsis.cat,available,39.99,39.99,medium,low,9,name.com,,,16/09/2026 17:05
3dde912e-88f2-42f9-9001-f1d425adbdae,thigh.cat,available,18.83,25.04,high,low,5,spaceship,,,29/09/2026 02:11
efed9d12-e640-4d5f-bfd3-846d1f5c265d,aldershot.cat,available,18.47,24.55,medium,low,9,dynadot,,,29/09/2026 15:14
0c0ea34a-0541-42a2-9c8d-c1bb85f59dab,salvadoran.cat,available,26.98,38.98,high,medium,10,namecheap,,,09/09/2026 21:01
93b1e376-8bfd-4f2a-9c4f-b697c154bbac,upturned.cat,available,26.98,38.98,medium,low,8,namecheap,,,04/09/2026 21:58
e67bddbd-6dac-4faa-8b34-6bc5c85f4552,spotlight.cat,available,18.83,25.04,high,high,9,spaceship,,,28/09/2026 09:48
9b7c62eb-646e-452c-96e5-9769743f3154,ahriman.cat,available,26.98,38.98,medium,low,7,namecheap,,,17/09/2026 20:33
2f43a76f-7fe8-4ef8-847b-1acc23980875,invincible.cat,available,26.98,38.98,high,low,10,namecheap,,,25/09/2026 11:10
896ca707-a6a3-4f94-b8a3-7af0f1182bd3,angular.cat,available,26.98,38.98,high,low,7,namecheap,,,22/09/2026 04:30
c3bef208-27b3-4bca-bda6-198748a2e2e4,pocketable.cat,available,26.98,38.98,medium,low,10,namecheap,,,08/09/2026 22:20
6d111ccd-f56c-4ae0-b1a0-763477b4bbb5,satiable.cat,available,26.98,38.98,medium,low,8,namecheap,,,09/09/2026 21:37
1b37efe9-e406-41aa-b325-1dff7eb0945f,parasitic.cat,available,26.98,38.98,medium,low,9,namecheap,,,17/08/2026 10:15
ad7bed9b-d958-4628-9b30-b5af6e8de90f,lewdly.cat,available,26.98,38.98,low,low,6,namecheap,,,15/09/2026 11:12
50da992c-390e-452e-a26d-b7960d1427cb,nonvisual.cat,available,26.98,38.98,low,low,9,namecheap,,,03/09/2026 21:06
8384bc06-7f6b-4b09-bdee-f234bdb927e7,brainless.cat,available,26.98,38.98,medium,low,9,namecheap,,,11/08/2026 01:41
2250bfbb-33ae-4830-8f23-d3af89272479,hefty.cat,available,26.98,38.98,medium,low,5,namecheap,,,11/08/2026 02:48
39cd2a4b-bbe5-4fe4-9d40-f3423388fff8,azote.cat,available,39.99,39.99,medium,low,5,name.com,,,21/09/2026 11:27
83ea8278-845a-4cd4-a2c8-1b477c5831ea,tappan.cat,available,26.98,38.98,medium,low,6,namecheap,,,20/09/2026 11:08
e02aedbb-7a63-41a0-8c59-46e78affc85e,aalto.cat,available,26.98,38.98,high,low,5,namecheap,,,16/09/2026 13:16
11f40fd6-6c21-4d91-93f4-d4beadaef070,handrail.cat,available,26.98,38.98,high,low,8,namecheap,,,22/09/2026 00:31
f86e5f52-90e6-4f1f-b3e1-832ace2782a0,mainstream.cat,available,18.83,25.04,high,low,10,spaceship,,,29/09/2026 01:38
1e4af338-dc36-43fe-af86-e5608f23b640,evolved.cat,available,18.83,25.04,high,low,7,spaceship,,,28/09/2026 21:24
608c5b06-823b-4856-adfa-d59674e40572,cosset.cat,available,26.98,38.98,high,low,6,namecheap,,,21/09/2026 13:00
1e1c0636-3a17-440f-be56-0550027082d3,washup.cat,available,26.98,38.98,medium,low,6,namecheap,,,24/09/2026 22:42
ac11d70c-04d7-4097-9b56-b8d6f1d9e049,insecure.cat,available,26.98,38.98,high,low,8,namecheap,,,22/08/2026 06:42
35cc738e-0245-42e3-b062-82ed279cf228,inquirer.cat,available,26.98,38.98,high,low,8,namecheap,,,20/09/2026 14:22
fa822b43-8735-4a11-9c0f-04331a5f00db,singing.cat,available,26.98,38.98,high,low,7,namecheap,,,11/08/2026 17:40
16a2aae8-8b56-4c18-b9b3-e5548ef297e0,conservative.cat,available,26.98,38.98,high,low,12,namecheap,,,28/09/2026 11:13
86218c6a-d731-4413-8122-5d92987aeb07,upwardly.cat,available,26.98,38.98,medium,low,8,namecheap,,,12/09/2026 22:57
41a537a7-854f-4a78-9403-bbb77cdf2191,absolution.cat,available,26.98,38.98,high,low,10,namecheap,,,16/09/2026 17:57
13d3dab1-dc6c-4c15-88d1-5c3eab22ff54,opalescent.cat,available,26.98,38.98,medium,low,10,namecheap,,,04/09/2026 15:43
15999548-4579-4d19-82d1-adec20db854a,recommended.cat,available,18.83,25.04,medium,low,11,spaceship,,,28/09/2026 08:36
3c8c8619-3333-432f-82c2-70e74391cca3,restlessly.cat,available,26.98,38.98,medium,low,10,namecheap,,,15/09/2026 23:29
6ee86088-2e68-4ce5-9cc3-807a8bdc1832,rostrum.cat,available,26.98,38.98,medium,low,7,namecheap,,,18/09/2026 17:15
ed4661ab-6977-4659-8850-481509cdf504,hydrophobic.cat,available,26.98,38.98,medium,low,11,namecheap,,,29/09/2026 08:39
dcec8847-8aef-4681-9c05-533fd0a3a2b6,decca.cat,available,18.83,25.04,high,low,5,spaceship,,,28/09/2026 21:44
a562b725-4d1c-431d-9818-49ff5270cf32,gaze.cat,available,26.98,38.98,high,low,4,namecheap,,,28/09/2026 19:17
09bc08e8-be47-4bdb-a087-1323e30ae899,antihero.cat,available,26.98,38.98,medium,low,8,namecheap,,,19/09/2026 14:35
ad70a70e-f061-434f-a551-40b3dd8c598e,spears.cat,available,18.83,25.04,medium,low,6,spaceship,,,29/09/2026 05:36
1aedd2dd-6b8f-43ad-b2d9-dbe1090ba40d,bootlicker.cat,available,26.98,38.98,medium,low,10,namecheap,,,19/09/2026 21:12
f66ce0af-a38a-4fb7-bf49-54353fad3540,beatific.cat,available,26.98,38.98,high,low,8,namecheap,,,
b944c415-b1c8-413a-af62-eefc6d8e1ea2,topological.cat,available,18.83,25.04,medium,low,11,spaceship,,,29/09/2026 23:29
cc6ff41f-a855-4865-b492-e53ccad52a66,flu.cat,available,18.83,25.04,high,low,3,spaceship,,,29/09/2026 19:35
e92ac184-e13e-4e2d-ac05-245d774bd162,bercy.cat,available,26.98,38.98,medium,low,5,namecheap,,,23/09/2026 09:16
76309eac-68e4-4e42-b5e0-a9a5b26fdf1d,grad.cat,available,26.98,38.98,high,low,4,namecheap,,,20/08/2026 17:53
f277a841-e2d9-4b03-98b6-7775665b4c18,attendant.cat,available,26.98,38.98,high,low,9,namecheap,,,21/09/2026 15:40
a828d7b7-d864-43da-a432-08b6afe58317,briggs.cat,available,26.98,38.98,high,low,6,namecheap,,,25/09/2026 15:50
107a95dd-3aaa-4353-a852-b77955b47d54,appalling.cat,available,26.98,38.98,medium,low,9,namecheap,,,06/08/2026 04:31
be907d2b-2f9c-43b0-a0a1-ffb9c41a61c7,glanced.cat,available,39.99,39.99,medium,low,7,name.com,,,18/09/2026 01:59
60f21036-6c9c-4f77-9ec8-81da873df5c6,negotiation.cat,available,18.48,24.56,high,low,11,dynadot,,,28/09/2026 07:22
82d1c576-c42b-4d70-b41f-d94f6c83b832,mutable.cat,available,26.98,38.98,medium,low,7,namecheap,,,12/08/2026 01:50
6f0bad31-0b59-44a9-a7dc-517be88477ed,sullivan.cat,available,26.98,38.98,high,low,8,namecheap,,,19/09/2026 10:20
302597a0-9d75-447e-bf9c-369c9b1ebce6,downgrade.cat,available,26.98,38.98,medium,low,9,namecheap,,,24/09/2026 23:39
886f609d-fdf8-4d4e-a06c-c948852dbe98,lamb.cat,available,26.98,38.98,high,low,4,namecheap,,,27/09/2026 03:31
40b81cd3-6037-482b-96cd-3d1fa3c0fa41,weeklong.cat,available,26.98,38.98,medium,low,8,namecheap,,,10/09/2026 05:01
5d28f861-6d8b-4f31-ab4a-01ffe430614e,prance.cat,available,26.98,38.98,high,low,6,namecheap,,,11/09/2026 05:09
a3f0048f-bedf-4770-90c4-4477dd609b27,liege.cat,available,26.98,38.98,medium,low,5,namecheap,,,18/08/2026 03:03
048845fb-4297-4c24-985d-7a21482dc53c,blastoff.cat,available,26.98,38.98,high,low,8,namecheap,,,24/09/2026 04:43
7e6ea282-ca1b-4362-bad8-d780a6a71f66,detoxify.cat,available,18.83,25.04,high,low,8,spaceship,,,29/09/2026 14:25
5cdc0ba1-9a82-4967-8bfb-2cf6f567fa5d,bluish.cat,available,26.98,38.98,high,low,6,namecheap,,,22/09/2026 22:47
d9bc384a-32cf-4988-9eed-de95b3d4113b,kurt.cat,available,26.98,38.98,high,low,4,namecheap,,,25/09/2026 13:27
2e661add-d4e2-46e5-a0c2-ac17c1777803,baudelaire.cat,available,26.98,38.98,high,low,10,namecheap,,,22/09/2026 16:35
c522c56c-ba52-4427-b3b5-127a587fcdff,flyers.cat,available,18.47,24.55,medium,low,6,dynadot,,,29/09/2026 16:42
6e6e93f1-30a8-4827-a112-d214a37bbd23,fairness.cat,available,26.98,38.98,high,low,8,namecheap,,,22/09/2026 22:20
084ac1f5-5e02-497e-b162-90254820d70d,blur.cat,available,26.98,38.98,high,low,4,namecheap,,,10/08/2026 14:05
9dd73b63-50a7-4531-a575-c22997e70aa2,apus.cat,available,26.98,38.98,medium,low,4,namecheap,,,19/09/2026 22:43
f57a1b64-851c-4147-a129-b2f6af9b2f6c,despised.cat,available,26.98,38.98,medium,low,8,namecheap,,,14/08/2026 04:10
f61eea57-232c-4283-af74-e674d17a3b67,duodecimal.cat,available,26.98,38.98,medium,low,10,namecheap,,,14/08/2026 21:19
9b6aee06-69d0-4dc7-9ef8-a6d0f1982dd9,ariana.cat,available,26.98,38.98,high,low,6,namecheap,,,20/09/2026 05:10
6ec7ffdc-f4d8-4f0e-8cba-e4996bbfd363,dishonest.cat,available,26.98,38.98,medium,low,9,namecheap,,,11/08/2026 03:44
3392c151-bc3a-4cb8-bcdd-f36840d2e58b,gregarious.cat,available,26.98,38.98,high,low,10,namecheap,,,20/08/2026 19:56
ec440d5e-042c-4f2b-a129-7a86f982f45f,gloves.cat,available,26.98,38.98,medium,low,6,namecheap,,,25/09/2026 19:42
b9b7d3a3-b283-4517-a157-341138104a0c,adjective.cat,available,26.98,38.98,high,low,9,namecheap,,,
fd0bde7a-d4ae-4177-bce5-cd224381e4e5,endwise.cat,available,26.98,38.98,medium,low,7,namecheap,,,14/09/2026 15:37
81432b68-ab82-457e-af4e-211205cfa78b,apia.cat,available,26.98,38.98,medium,low,4,namecheap,,,19/09/2026 17:18
58605171-9ea5-43d3-8841-3693eb7589e8,words.cat,available,26.98,38.98,high,low,5,namecheap,,,25/09/2026 15:51
c7e6ab98-ae59-47e7-891c-78575b4f6bb0,basophil.cat,available,26.98,38.98,medium,low,8,namecheap,,,22/09/2026 11:30
82e98ffc-f2da-494d-b1d2-11a8315920f1,deity.cat,available,26.98,38.98,high,low,5,namecheap,,,24/09/2026 21:23
ba201e89-9b8f-4ab2-a2b9-7945758f1a3c,seasoned.cat,available,26.98,38.98,high,low,8,namecheap,,,10/09/2026 01:00
b6eaf010-a9ec-45be-be2c-efd4c78738ca,second.cat,available,26.98,38.98,high,low,6,namecheap,,,21/09/2026 12:59
795fa40a-804f-4ac9-a721-83d9671a1a99,cutter.cat,available,18.83,25.04,medium,low,6,spaceship,,,28/09/2026 13:49
8792e3b7-a832-40cb-96d3-f086ccfd10f9,ncaa.cat,available,26.98,38.98,high,low,4,namecheap,,,27/09/2026 07:11
e889707a-07e9-4873-8acd-af4abb75c1cd,bereft.cat,available,26.98,38.98,low,low,6,namecheap,,,09/08/2026 15:05
8495e2b0-e120-4979-9d2f-6686758797ae,unuttered.cat,available,26.98,38.98,medium,low,9,namecheap,,,12/09/2026 09:47
2cce7af2-49bf-49c5-8a8d-2f0115c7f87e,commanded.cat,available,26.98,38.98,medium,low,9,namecheap,,,29/09/2026 16:38
383968ab-8406-43f9-9a4d-e835f822a859,allelic.cat,available,26.98,38.98,medium,low,7,namecheap,,,
c5b9bd36-19ed-46c9-ad4a-1fbedcc11b39,threefold.cat,available,26.98,38.98,high,low,9,namecheap,,,14/08/2026 16:42
e85768ce-8a9d-4776-9235-050bf281da71,asama.cat,available,26.98,38.98,medium,low,5,namecheap,,,20/09/2026 12:47
c2aba14a-c5a1-4144-9abf-c5a5e1c363ed,deviant.cat,available,26.98,38.98,high,low,7,namecheap,,,
14a70577-e58a-40ff-b4b2-8edd0cc055ca,bondage.cat,available,18.47,24.55,high,low,7,dynadot,,,29/09/2026 18:02
37be235a-7765-40e5-9b95-c08ae897b4fc,embassador.cat,available,26.98,38.98,high,low,10,namecheap,,,18/09/2026 16:29
6b5e065f-db48-4714-a8f0-998246c2118b,propellent.cat,available,26.98,38.98,medium,low,10,namecheap,,,09/09/2026 03:28
32e95606-1b80-4cfb-a999-e6926cd1e3cb,gaslit.cat,available,26.98,38.98,medium,low,6,namecheap,,,17/09/2026 16:24
882e186e-e7e7-493a-8857-5f44b4a94169,seafaring.cat,available,26.98,38.98,medium,low,9,namecheap,,,04/09/2026 00:22
e595c8cd-b6db-458f-beeb-92c9bd3b3d94,varicose.cat,available,26.98,38.98,medium,low,8,namecheap,,,13/09/2026 01:20
d28b2e22-cef1-4b10-96a0-4f4812a14ca1,uboat.cat,available,26.98,38.98,medium,low,6,namecheap,,,11/09/2026 00:23
f719eb6d-2d8a-4ec4-afe7-6b2785527e36,burp.cat,available,26.98,38.98,high,low,4,namecheap,,,23/09/2026 04:37
53c7dcba-7f96-4a43-88d7-a8d2048452b4,corking.cat,available,26.98,38.98,high,low,7,namecheap,,,08/08/2026 12:20
d6b9303c-4625-428d-b2c0-7f7fc78fb1fb,unreasonable.cat,available,26.98,38.98,medium,low,12,namecheap,,,29/09/2026 08:45
d29775eb-44dd-461e-901f-24a134afc453,relaxation.cat,available,26.98,38.98,high,low,10,namecheap,,,29/09/2026 12:08
ebddb273-ad72-42be-ae51-131c0062ab75,ocular.cat,available,26.98,38.98,high,low,6,namecheap,,,04/09/2026 00:41
90da119a-1466-4f95-bebc-72e6f2d72e57,isomorphic.cat,available,26.98,38.98,medium,low,10,namecheap,,,22/08/2026 11:12
46914718-72dd-4cc8-bde9-391aa33df053,stoneless.cat,available,26.98,38.98,low,low,9,namecheap,,,10/09/2026 21:12
79f41f7b-40da-42e3-bb07-a11d535a67b5,barrie.cat,available,26.98,38.98,medium,low,6,namecheap,,,22/09/2026 08:37
f7d574ce-09fe-4b50-b798-10fa7f828e82,genital.cat,available,26.98,38.98,medium,low,7,namecheap,,,18/08/2026 21:40
d3d3b942-6caa-40a2-908a-ee01971b2b40,brady.cat,available,39.99,39.99,high,low,5,name.com,,,25/09/2026 02:15
b9a85e3d-5e1d-45db-a37f-30829f87fb9b,boob.cat,available,18.83,25.04,medium,low,4,spaceship,,,29/09/2026 03:04
e8eadd99-67d2-428f-a676-5fcff0dfd1e2,pellmell.cat,available,26.98,38.98,low,low,9,namecheap,,,21/08/2026 01:07
d5efdaf2-a399-4608-b5e8-d52939c96bff,deficiency.cat,available,18.83,25.04,medium,low,10,spaceship,,,29/09/2026 18:36
9980067b-f36b-4faa-9768-665e7ef2e1d2,hindoo.cat,available,26.98,38.98,high,low,6,namecheap,,,21/08/2026 09:33
2f51e4e8-2e9a-4a88-8b07-08ada09864d7,murders.cat,available,26.98,38.98,low,low,7,namecheap,,,25/09/2026 21:34
58ff0ee4-f79d-42f7-8d03-859f2786f669,protestant.cat,available,26.98,38.98,high,low,10,namecheap,,,09/09/2026 04:08
e9392e08-bae3-47db-a4f7-b7a5d83955c3,bonefish.cat,available,26.98,38.98,high,low,8,namecheap,,,18/09/2026 03:25
a9e0984c-25ca-4c2c-b25e-6017ddd2a902,clancy.cat,available,18.83,25.04,medium,low,6,spaceship,,,28/09/2026 21:20
d55c8937-b25d-4fed-b536-435ed3647444,smooth.cat,available,26.98,38.98,high,low,6,namecheap,,,24/09/2026 20:14
b4e1c471-a1e1-4384-8f83-19eb94a76a8f,mosquitoes.cat,available,26.98,38.98,low,low,10,namecheap,,,18/09/2026 14:22
deedfe56-b3b3-46bf-bc65-9ad57fd835e9,saurian.cat,available,26.98,38.98,medium,low,7,namecheap,,,22/08/2026 17:55
c5bf3e6f-0331-4f9e-a95b-32b68c25dda6,religious.cat,available,26.98,38.98,high,low,9,namecheap,,,09/09/2026 13:37
3eb1b598-44f7-4bd1-82b6-a429d873705d,deere.cat,available,18.83,25.04,high,low,5,spaceship,,,30/09/2026 01:17
8b74a5b9-9d54-4411-8b5e-9317eb46c2d9,aplomb.cat,available,39.99,39.99,high,low,6,name.com,,,19/09/2026 17:47
3ccdfe46-5d00-4af2-a572-45cc07877f81,unneeded.cat,available,26.98,38.98,medium,low,8,namecheap,,,12/09/2026 15:52
efdbe611-0436-4b72-98b2-78472c7679b8,oyster.cat,available,26.98,38.98,high,low,6,namecheap,,,29/09/2026 23:18
86728286-74a6-41c8-a3c5-b5eaabaecbbb,advisedly.cat,available,26.98,38.98,medium,low,9,namecheap,,,13/09/2026 17:38
8eca1167-c738-4d0f-a2b1-e722399bb2e0,obstetric.cat,available,26.98,38.98,medium,low,9,namecheap,,,04/09/2026 00:03
347f852f-7ad1-4256-9a67-084f9af0d7bd,aided.cat,available,39.99,39.99,high,low,5,name.com,,,19/09/2026 12:43
10dca15e-a47e-4928-961c-1f5aa1d22ca6,donovan.cat,available,18.83,25.04,high,low,7,spaceship,,,28/09/2026 16:02
0b6c7d88-242d-4624-be2b-014563cd2723,cuvier.cat,available,39.99,39.99,high,low,6,name.com,,,22/09/2026 07:06
a5c4b30e-681f-4198-a027-5280778b4592,legally.cat,available,39.99,39.99,medium,low,7,name.com,,,13/08/2026 19:07
10d75375-29a5-4595-832b-ba2e27c66ecb,polyploid.cat,available,26.98,38.98,medium,low,9,namecheap,,,08/09/2026 23:29
739f8a6e-7d6d-44f6-a121-4ba09e915559,summertime.cat,available,26.98,38.98,high,low,11,namecheap,,,18/09/2026 00:39
e8a8ae99-4813-4e69-b100-078d2724d14d,hussain.cat,available,18.83,25.04,high,low,7,spaceship,,,29/09/2026 09:29
b450d63d-8e1f-43fd-8894-33c54dd62849,deftly.cat,available,26.98,38.98,medium,low,6,namecheap,,,14/09/2026 11:20
8a6cd431-bb6a-4b81-b689-2aee4ee3088b,compton.cat,available,26.98,38.98,high,low,7,namecheap,,,20/09/2026 10:47
8b48f716-53c3-429f-9050-6e90745b39c5,bulky.cat,available,26.98,38.98,medium,low,5,namecheap,,,23/09/2026 10:36
baeda118-c18b-4229-9b41-ba266ce66a19,awfully.cat,available,26.98,38.98,medium,low,7,namecheap,,,22/09/2026 15:26
9b422486-8433-44f8-9df5-607901107a19,reilly.cat,available,26.98,38.98,high,low,6,namecheap,,,27/09/2026 02:49
94406471-bd15-4680-867b-805412fd3acb,churl.cat,available,26.98,38.98,medium,low,5,namecheap,,,13/08/2026 05:00
0d819de5-1d56-4196-8024-3624520de662,accolade.cat,available,26.98,38.98,high,low,8,namecheap,,,16/09/2026 22:45
30f48e9e-3b08-4912-9db1-209d952b3701,justus.cat,available,18.83,25.04,high,low,6,spaceship,,,29/09/2026 22:14
05ad3628-02fc-416f-a8be-4f507555aa4b,triplex.cat,available,26.98,38.98,medium,low,7,namecheap,,,11/09/2026 11:51
9e37abf2-f7f8-4bc9-b6cf-abc46eb5e97c,lxxv.cat,available,26.98,38.98,medium,low,4,namecheap,,,
a180f222-43c1-4326-8a34-7c5ae7c024c7,sommer.cat,available,18.47,24.55,high,low,6,dynadot,,,29/09/2026 21:09
ae0feda3-9662-455a-9117-6b0c9a4284f3,gracious.cat,available,26.98,38.98,high,low,8,namecheap,,,24/09/2026 00:42
1cf0349a-8b30-4cbb-9764-28d66fd6afbe,acyclic.cat,available,26.98,38.98,medium,low,7,namecheap,,,
a65ca2c4-268d-4699-8975-24975c48e91e,sexuality.cat,available,18.83,25.04,high,low,9,spaceship,,,28/09/2026 10:54
2743a75c-a4fb-4353-8df0-af94516ebe88,protrude.cat,available,26.98,38.98,high,low,8,namecheap,,,08/09/2026 23:44
fb435139-e23a-4c12-8a34-141e324a6473,appraisal.cat,available,26.98,38.98,high,low,9,namecheap,,,19/09/2026 22:07
9c71173b-adad-473c-98c0-de3068b3c008,wrought.cat,available,26.98,38.98,medium,low,7,namecheap,,,25/08/2026 03:48
a449ee6d-c8ee-4dcb-add1-d39fd3dba56a,carrel.cat,available,26.98,38.98,medium,low,6,namecheap,,,18/09/2026 06:05
ede3cf9b-5c6f-4666-941d-289457a6ceb7,speedily.cat,available,26.98,38.98,medium,low,8,namecheap,,,13/09/2026 20:19
857da25b-7659-4266-b721-cbf31632c6c5,migrator.cat,available,26.98,38.98,medium,low,8,namecheap,,,24/08/2026 22:51
8feccaf2-7a0b-4099-b092-3a862abe0dca,lovesick.cat,available,26.98,38.98,medium,low,8,namecheap,,,24/08/2026 10:18
f5450df0-8d91-49b1-bf75-77e15cb4cd31,deterrent.cat,available,26.98,38.98,medium,low,9,namecheap,,,14/08/2026 04:48
75b8b0e3-df1a-4ab0-8796-e10dba447715,tease.cat,available,26.98,38.98,high,low,5,namecheap,,,11/09/2026 09:59
ba1062f3-7350-4417-83ea-13329cce2df4,airworthy.cat,available,26.98,38.98,medium,low,9,namecheap,,,
63214904-81aa-4b27-a8ef-6de5b72c714c,hhs.cat,available,18.83,25.04,high,low,3,spaceship,,,29/09/2026 12:02
a6c76af0-6d00-4e14-926b-1b7ce66adeb5,subtle.cat,available,18.83,25.04,high,low,6,spaceship,,,28/09/2026 01:48
ffe820c8-d7cc-41e3-9caa-fe7a349d9e0b,penniless.cat,available,26.98,38.98,medium,low,9,namecheap,,,21/08/2026 00:34
0a9d9b07-1eeb-4564-9104-e0a6d1d5d2a2,spermous.cat,available,26.98,38.98,high,medium,8,namecheap,,,10/09/2026 15:30
1ace23e9-627d-4c4d-8e16-93e247d720f2,danish.cat,available,39.99,39.99,high,low,6,name.com,,,13/08/2026 17:19
c64f3da4-0797-4db2-817c-70a371c0286c,sterope.cat,available,26.98,38.98,low,low,7,namecheap,,,20/09/2026 17:14
7fcc9eea-91dd-442f-ba58-92e594fdc619,futile.cat,available,26.98,38.98,medium,low,6,namecheap,,,22/09/2026 23:49
5af57722-109e-4120-a449-2aa060ae7213,fellowman.cat,available,26.98,38.98,high,low,9,namecheap,,,21/09/2026 03:03
e5df8d6b-1f56-4af3-be14-91abeebd645a,burial.cat,available,26.98,38.98,medium,low,6,namecheap,,,24/09/2026 11:18
aab928e4-946f-4b5d-8947-bfc731dee1e1,sheepshead.cat,available,26.98,38.98,medium,low,10,namecheap,,,20/09/2026 02:29
57f297a3-91c9-4664-8155-e8248ebfe9c5,outsider.cat,available,18.83,25.04,high,low,8,spaceship,,,28/09/2026 15:01
2c21f3fb-a876-40fa-b98f-e559e0cf4341,author.cat,available,26.98,38.98,high,low,6,namecheap,,,21/09/2026 05:09
ff6b24cc-73e2-4c4e-8c45-f00f7130455e,creep.cat,available,26.98,38.98,high,medium,5,namecheap,,,10/09/2026 12:23
0e7e0592-ad5c-434d-83ac-67c19ff31f8b,cooling.cat,available,26.98,38.98,high,low,7,namecheap,,,12/08/2026 05:28
c19ff6b5-35cd-441c-8d3f-387c6f37dfe6,rouged.cat,available,26.98,38.98,high,medium,6,namecheap,,,09/09/2026 18:49
da9f8134-6f87-4196-8ac5-0d6b749a3dee,covered.cat,available,26.98,38.98,high,low,7,namecheap,,,24/09/2026 00:50
401622f4-d106-425c-a50a-93cfa8f3fdc7,consolidated.cat,available,18.83,25.04,high,low,12,spaceship,,,29/09/2026 16:56
b435329b-9772-4cd5-a158-63cc32020427,kalamazoo.cat,available,18.83,25.04,high,low,9,spaceship,,,28/09/2026 02:12
f2fe3569-6d58-47c7-b3bc-92cf17d2d9c7,abilities.cat,available,26.98,38.98,high,low,9,namecheap,,,17/09/2026 04:45
582385d2-74b1-4029-87a9-b7337b39c22b,deceased.cat,available,26.98,38.98,medium,low,8,namecheap,,,22/09/2026 10:44
47db8e75-042b-411e-8e8a-bacd186ca18a,mealy.cat,available,26.98,38.98,low,low,5,namecheap,,,12/08/2026 14:05
113deebc-50ed-4455-a89d-834e4523a3c8,mandelbrot.cat,available,26.98,38.98,medium,low,10,namecheap,,,23/09/2026 08:35
737f3998-e245-4460-8dd1-2462fcd46428,ammo.cat,available,26.98,38.98,high,low,4,namecheap,,,18/09/2026 22:06
59e58837-792b-4ff3-ac96-cc8f75b8d914,diseased.cat,available,26.98,38.98,medium,low,8,namecheap,,,14/08/2026 10:08
ac2a54cc-2edd-4f9c-8726-0d86018e7b1f,genetically.cat,available,18.83,25.04,medium,low,11,spaceship,,,28/09/2026 21:22
da2c1cf2-46d0-4019-a2d0-8c1d1bf57d18,travelers.cat,available,26.98,38.98,high,medium,9,namecheap,,,19/09/2026 12:33
123b10a2-a9fe-458d-af2c-1fc1cf8600af,prideful.cat,available,26.98,38.98,high,low,8,namecheap,,,17/08/2026 19:48
ab8818f7-b96c-4b14-9f62-f2d57cb93904,upbringing.cat,available,18.83,25.04,high,low,10,spaceship,,,29/09/2026 18:06
7051271d-cf26-434d-951f-df5de8245884,wads.cat,available,26.98,38.98,high,low,4,namecheap,,,14/09/2026 23:30
e35b7c3b-2511-4676-9d64-17e69cefe59f,faisal.cat,available,18.83,25.04,high,low,6,spaceship,,,29/09/2026 18:52
b028eca4-0e65-4a0e-9641-238769f71cab,ambush.cat,available,26.98,38.98,high,low,6,namecheap,,,24/08/2026 12:29
b2f30f86-694f-4636-b581-5192399dd3c5,skimpy.cat,available,26.98,38.98,high,low,6,namecheap,,,10/09/2026 09:36
f50c5b65-c11b-4b4b-9cc1-05b404954e39,appraiser.cat,available,26.98,38.98,high,low,9,namecheap,,,19/09/2026 22:12
e48eb845-8eea-431a-93e7-7a98247f4d05,firmament.cat,available,26.98,38.98,high,low,9,namecheap,,,16/08/2026 20:58
27e97f6f-9fb1-4b5a-94a5-47b66c9de37a,arrest.cat,available,26.98,38.98,high,low,6,namecheap,,,20/08/2026 22:54
9f013ea5-a889-464d-bf56-29ad015ce675,strontium.cat,available,26.98,38.98,medium,low,9,namecheap,,,20/09/2026 22:59
32a5b005-d7da-4ad6-9f80-3358e14300b0,ceramic.cat,available,26.98,38.98,high,low,7,namecheap,,,12/08/2026 00:23
14654535-3503-414a-98a1-f7c1f5dd4612,depart.cat,available,18.83,25.04,high,low,6,spaceship,,,28/09/2026 20:27
6ede61de-09f1-46e3-9c76-f523e7fa1e99,nimble.cat,available,26.98,38.98,high,low,6,namecheap,,,21/09/2026 23:05
898a2709-a20e-4889-9258-92f2573bc5c7,owner.cat,available,26.98,38.98,high,low,5,namecheap,,,25/09/2026 09:45
7053df14-0657-4b32-9c03-7d65cc2e8013,regional.cat,available,18.83,25.04,high,low,8,spaceship,,,27/09/2026 11:26
01056d3e-9794-4ce0-85da-09a7488b961d,delivery.cat,available,18.83,25.04,high,low,8,spaceship,,,29/09/2026 04:21
1dd5584b-94be-4bb1-837b-6eb7e1113286,muhammad.cat,available,18.83,25.04,high,low,8,spaceship,,,28/09/2026 13:59
54d4a609-cb37-446c-b8b5-e39a67ec1b18,aboard.cat,available,18.83,25.04,high,low,7,spaceship,,,28/09/2026 11:33
35e30477-c47c-47cc-b705-b19f299b45aa,helpless.cat,available,26.98,38.98,medium,low,8,namecheap,,,21/08/2026 06:38
cbd9243d-c86c-421b-acf8-15fb855a6b04,hawaiian.cat,available,26.98,38.98,high,low,8,namecheap,,,21/08/2026 01:36
e2b757ca-e5f2-438b-82ea-82be9ba6b959,stressed.cat,available,26.98,38.98,medium,low,8,namecheap,,,10/09/2026 22:30
c2c356b8-d15c-4513-8afe-09eb04f7e7da,fake.cat,available,26.98,38.98,high,low,4,namecheap,,,08/08/2026 23:02
02a22cd4-cc23-48d3-8b82-eae4667e84e6,textbook.cat,available,26.98,38.98,high,low,8,namecheap,,,23/09/2026 13:09
95e9264c-40f6-45b0-8c7a-fe72a8201953,quantal.cat,available,26.98,38.98,medium,low,7,namecheap,,,09/09/2026 07:28
f637892f-2018-4f58-853f-f6e3752ecd19,phyllis.cat,available,18.83,25.04,medium,low,7,spaceship,,,28/09/2026 07:46
d09ba272-88e4-467e-af20-edf793f736be,germ.cat,available,18.83,25.04,high,low,4,spaceship,,,29/09/2026 19:01
003c63aa-27fb-4e73-bfba-c0d9e7c9c9f2,alanine.cat,available,26.98,38.98,medium,low,7,namecheap,,,18/09/2026 01:50
25e5f064-c4a9-43e6-9d4c-fc11161493a3,calamitous.cat,available,26.98,38.98,medium,low,10,namecheap,,,11/08/2026 13:28
5a906fef-6d26-4d56-b701-ec119aa29708,throwing.cat,available,26.98,38.98,high,low,8,namecheap,,,27/09/2026 08:46
d30f7a13-6770-4147-9aea-e1174d71aa47,consideration.cat,available,26.98,38.98,high,low,13,namecheap,,,28/09/2026 04:23
4d908daa-0c08-401c-a542-1b5e77e8204d,drawings.cat,available,18.48,24.56,medium,low,8,dynadot,,,28/09/2026 13:09
311b95c6-3c7f-4f8d-9a9f-ccb23a6cf603,maximize.cat,available,18.47,24.55,high,low,8,dynadot,,,29/09/2026 20:44
03a5a8b8-4374-4cbf-84be-1bdcd280e84c,attrition.cat,available,26.98,38.98,medium,low,9,namecheap,,,21/09/2026 02:20
d206a2f8-f7a8-457e-927e-18ed0ddc76b7,stink.cat,available,18.83,25.04,high,low,5,spaceship,,,29/09/2026 19:15
2ff079e8-0d32-46af-a519-0f3989c2573e,glial.cat,available,26.98,38.98,medium,low,5,namecheap,,,20/08/2026 14:24
04ed45e7-243c-4acd-a67f-ff7b87fe144f,botchy.cat,available,26.98,38.98,low,low,6,namecheap,,,10/08/2026 20:53
0cb9e477-26fe-4ab2-bf08-5a191e508639,unfenced.cat,available,26.98,38.98,medium,low,8,namecheap,,,12/09/2026 10:10
aacf2053-4645-4db9-b106-878442f06769,offside.cat,available,26.98,38.98,medium,low,7,namecheap,,,04/09/2026 01:39
a2f16ae9-af59-42b2-931a-c7ddcd75c706,intruder.cat,available,18.83,25.04,high,low,8,spaceship,,,29/09/2026 13:09
3c1f3bf4-01de-42f1-baf8-f3fa64787c93,trna.cat,available,26.98,38.98,high,low,4,namecheap,,,16/09/2026 22:03
e15d21f5-404b-4e2d-8ff2-31447625934b,beneath.cat,available,26.98,38.98,medium,low,7,namecheap,,,28/09/2026 12:25
50c7c37a-fa88-422d-93b4-f8c74a9dbe6b,epistolary.cat,available,26.98,38.98,high,low,10,namecheap,,,17/08/2026 11:14
09c82b26-cffb-420b-82e3-645fde9edf8b,apologue.cat,available,26.98,38.98,medium,low,8,namecheap,,,18/09/2026 10:43
a8399432-6fc9-44e1-b429-0a1963ba68e9,usgs.cat,available,18.83,25.04,medium,low,4,spaceship,,,28/09/2026 03:54
bf5df3fd-61a6-4083-90a1-68fa95c59bf1,dogmatism.cat,available,26.98,38.98,medium,low,9,namecheap,,,23/09/2026 15:23
6d42665b-0cf0-48dd-a251-76284ab8ca65,unformed.cat,available,26.98,38.98,medium,low,8,namecheap,,,12/09/2026 10:39
497a28f2-329e-4699-83f3-ed41f66f55fb,systematic.cat,available,26.98,38.98,high,low,10,namecheap,,,11/09/2026 06:44
4984dfd4-a83b-4faa-b5f7-30de8197ca6f,celebrities.cat,available,18.48,24.56,medium,low,11,dynadot,,,28/09/2026 23:49
e75a3337-3254-407e-a80a-00d89fb03e1b,hesitate.cat,available,18.83,25.04,medium,low,8,spaceship,,,28/09/2026 20:09
50b9a3ad-17af-4294-9783-c2d27711021e,jot.cat,available,18.83,25.04,high,low,3,spaceship,,,30/09/2026 00:55
56bd09c1-d140-45d2-940f-3d13a235ca95,anasazi.cat,available,26.98,38.98,high,low,7,namecheap,,,19/09/2026 03:16
8a65fb3f-9224-4f5f-8246-a137302999b9,slowpoke.cat,available,26.98,38.98,medium,low,8,namecheap,,,10/09/2026 20:25
aee05833-f7b4-4d97-b953-033304ed9f9e,possessions.cat,available,18.48,24.56,low,low,11,dynadot,,,28/09/2026 17:10
742f0e19-ea38-4447-905e-dc77c9f323ec,modal.cat,available,26.98,38.98,high,low,5,namecheap,,,25/09/2026 21:10
c7e1daee-b594-45d8-88d5-48043945e128,nato.cat,available,18.83,25.04,high,high,4,spaceship,,,29/09/2026 07:40
e10e259c-bdad-464f-9c6c-7c47537a6c7d,hearst.cat,available,18.83,25.04,high,medium,6,spaceship,,,28/09/2026 05:59
a467b250-2e10-4a5d-9f33-2070583dabdf,solomonic.cat,available,26.98,38.98,medium,low,9,namecheap,,,10/09/2026 13:43
45593001-497e-44cc-a7c6-276b16d25984,directive.cat,available,26.98,38.98,high,low,9,namecheap,,,14/08/2026 08:48
d69012cd-0785-4f45-a79b-b7be9cbe99d4,melanie.cat,available,26.98,38.98,high,low,7,namecheap,,,27/09/2026 07:18